LIMIT_BAL,SEX,EDUCATION,MARRIAGE,AGE,PAY_1,PAY_2,PAY_3,PAY_4,PAY_5,PAY_6,BILL_AMT1,BILL_AMT2,BILL_AMT3,BILL_AMT4,BILL_AMT5,BILL_AMT6,PAY_AMT1,PAY_AMT2,PAY_AMT3,PAY_AMT4,PAY_AMT5,PAY_AMT6
80000,1,6,1,41,0,0,0,0,0,-1,165578,153033,133017,19164,3272,11766,4351,3520,1000,3272,11766,1740
50000,1,1,2,35,0,0,0,0,0,0,48264,19142,18188,18397,18161,18383,1565,7240,795,1000,673,647
80000,2,1,1,42,2,2,2,2,2,2,18378,19377,20471,20638,21003,20529,1600,1700,800,1000,0,2000
160000,2,2,2,27,0,0,0,0,0,0,100613,78592,80240,39835,41150,0,3600,3700,1700,2000,0,0
30000,1,1,1,30,0,0,0,0,0,0,10024,12855,14634,16378,16961,19669,3000,2000,2000,1000,3000,1000
50000,1,1,2,57,0,0,0,0,0,0,50698,51030,49984,20155,19959,20194,2100,1320,704,716,733,702
30000,1,2,2,24,-1,-1,-1,0,0,-2,390,390,780,780,0,0,390,780,0,0,0,0
50000,1,1,2,24,0,0,0,0,0,0,20472,19077,20094,19559,16795,17233,1700,1641,1600,600,1000,1300
50000,2,1,2,26,-1,-1,-2,-2,-1,0,5052,0,0,0,4400,9318,0,0,0,4400,5000,7000
300000,2,1,1,39,-1,-1,-1,-2,-1,-1,1134,611,0,0,706,0,613,0,0,706,0,0
60000,2,2,2,25,0,0,0,0,0,0,36081,37194,38116,39902,58737,56902,2500,2000,3000,20000,3000,2000
80000,1,3,2,46,2,0,0,0,0,0,77142,78255,79425,70583,48308,46049,3000,3055,3047,1663,1692,1618
430000,1,2,1,32,1,-1,-1,-2,-2,-2,0,2500,0,0,0,0,2500,0,0,0,0,0
130000,2,2,1,35,0,0,0,0,0,0,63281,56889,60955,62038,62393,65439,10000,5000,2142,5000,4000,9500
50000,1,3,2,30,0,0,0,0,0,0,43702,44979,46755,47412,47703,49495,2000,2501,2000,2000,2500,2000
100000,2,2,2,41,0,0,0,0,0,0,98075,96813,85590,79747,70468,63235,3600,3289,2632,2449,2300,2539
70000,2,1,2,29,0,0,0,0,0,0,66648,66638,57404,33045,30137,21832,3000,5137,968,2500,6000,5000
50000,1,3,2,31,-1,-1,-1,-2,-2,-2,44461,8635,-2550,-3300,-3300,-3300,1000,0,0,0,0,0
50000,1,2,2,27,2,0,0,0,0,2,41932,38411,30659,30963,30505,28696,1600,1712,1016,2500,0,2848
240000,1,2,1,50,-1,-1,-1,-1,-1,-1,419,419,419,419,419,419,419,419,419,419,419,419
30000,2,2,1,35,0,0,0,0,0,0,25078,25538,25880,25873,26157,26918,1500,1387,893,1000,1501,2000
180000,1,1,2,34,-1,-1,-1,-1,-1,-1,4400,2990,3762,5231,2092,3395,3018,3772,5254,2098,3403,215
80000,2,2,1,51,1,2,2,2,2,2,15839,16591,16027,17160,16743,17961,1300,0,1400,0,1500,800
20000,2,2,2,23,0,0,0,0,0,0,19242,15014,13484,7612,8612,5007,1500,1535,1000,1000,1000,0
50000,1,2,2,29,3,2,2,0,0,0,49747,51075,43662,18115,17300,17947,2500,14,2000,1000,1500,1500
120000,1,1,2,38,1,-2,-2,-2,-2,-2,-284,-610,-936,-1262,-1588,-1914,0,0,0,0,0,0
20000,2,2,1,34,2,2,2,0,0,0,17151,16887,17302,18029,18362,18669,300,1000,1000,1000,1000,1000
60000,1,1,2,25,0,0,0,0,0,0,24200,34708,25326,27914,30476,31982,11000,2000,3000,3000,2000,2000
40000,2,2,1,44,-1,-1,-1,-1,-1,-1,11770,4719,922,4665,4059,5588,4740,922,4665,4059,5588,7000
30000,2,2,2,23,1,2,2,2,2,2,11174,11989,12997,12491,13374,13017,1300,1500,0,1090,0,2000
360000,1,1,1,40,-2,-2,-2,-2,-2,-1,1126,3449,3168,1469,1833,1449,3455,3168,1469,1833,1449,0
30000,1,3,2,29,0,0,0,0,0,0,27904,28547,29398,29864,30115,15818,1500,1700,1500,1010,1000,1000
150000,1,1,2,33,0,0,0,0,0,0,27221,27897,25304,21894,18452,28191,5000,1715,1200,625,10000,1000
110000,2,1,2,32,1,-1,0,0,0,-2,0,1670,11693,7903,-18,-18,1670,10200,0,0,0,0
80000,2,2,2,23,2,3,2,2,0,0,84176,81516,80146,61392,60325,60469,0,2000,0,3091,2400,2000
70000,1,2,1,24,0,0,0,0,0,0,49169,48960,49864,48481,46946,47958,1840,1744,2001,2000,1800,1706
450000,2,1,2,32,1,-1,0,0,-2,-1,0,1042,4064,-8,-8,402,1042,3057,0,0,410,0
20000,1,5,1,28,0,0,0,-2,-2,-2,9278,10400,0,0,0,0,1400,0,0,0,0,0
20000,1,2,2,26,0,0,2,2,0,0,15481,18004,19121,18521,18615,19015,3100,1700,0,700,700,860
290000,2,2,1,37,0,0,0,0,-1,0,48978,58858,36129,20369,29521,59219,20078,5017,509,29526,35000,93600
200000,1,1,2,38,-2,-2,-2,-2,-2,-2,3388,-12,1081,1884,2089,7097,0,1093,1893,2097,7132,488
210000,2,1,1,41,1,-2,-1,-1,-2,-1,-28,-28,3330,0,0,300,0,3358,0,0,300,0
100000,1,2,1,47,0,0,0,0,0,0,72703,74147,76305,77855,78961,80452,2653,3352,3413,3000,2919,2944
200000,1,1,2,30,-1,-1,-2,-1,0,0,8985,247,6015,34314,23403,-1839,805,6144,34418,230,1839,0
10000,1,3,2,48,0,0,0,0,0,0,8858,9548,9540,9735,8070,0,1228,1000,195,161,0,0
80000,2,2,1,30,-1,-1,-1,-2,-1,-1,36968,390,0,0,19688,5800,390,0,0,19688,5800,0
150000,2,1,2,26,-1,-1,-1,0,-1,0,38052,0,18600,18400,1527,1527,0,18600,0,1527,0,0
200000,2,1,1,44,-1,-1,-2,-2,-2,-1,65520,0,0,0,0,17480,0,0,0,0,17480,76220
280000,1,2,1,49,0,0,0,0,0,0,236168,242865,243515,215853,189911,161830,11000,10500,8010,7000,6000,4600
270000,2,1,2,32,2,2,2,0,0,0,9220,14050,13539,15005,16438,17021,5000,0,2000,2000,1000,1000
210000,2,1,2,27,0,0,0,0,0,-1,99050,17924,19123,20650,0,1136,1301,1500,2000,0,1136,67412
150000,2,2,2,23,-1,-1,-1,0,0,0,330,330,63917,59865,59258,57924,330,63917,2100,2100,2200,2200
210000,1,2,2,52,-2,-2,-2,-2,-2,-1,5649,5398,435,18950,6804,59999,5425,437,19053,6838,59999,214
50000,1,2,2,48,0,0,0,0,2,0,4975,6878,8106,9962,9656,11328,2000,1500,2000,0,2000,1000
180000,2,2,1,35,-1,-1,0,0,0,0,1175,5317,8388,8529,7739,3803,5317,3200,2700,2000,76,0
100000,1,2,1,24,2,2,2,2,2,2,10618,13233,13427,13609,14683,15001,2800,700,700,1300,700,700
160000,2,2,2,37,2,2,2,2,2,2,147333,143786,151842,147962,156921,159416,200,12000,0,11500,5811,0
280000,2,1,2,26,0,0,0,0,0,0,36395,35945,36381,36594,37010,36334,1700,1600,1300,1500,2000,99334
420000,1,2,1,41,0,0,0,0,0,0,193370,198053,202618,197985,200163,2559,4988,4976,6019,5065,1035,182778
210000,2,1,2,29,1,-2,-2,-2,-2,-2,0,0,0,0,0,0,0,0,0,0,0,0
440000,2,1,2,30,-1,-1,-1,0,0,0,777,612,87426,171244,150897,117870,612,87426,130007,3018,15000,51663
430000,1,1,1,40,-1,-1,-1,-1,-1,-1,6112,10548,31401,417588,3414,4761,10590,31448,417588,3414,4761,15331
430000,2,1,1,43,-1,-1,-1,-1,-1,-1,20849,3662,7719,4437,2912,6368,3814,7759,4451,2915,6383,9025
240000,2,1,2,38,0,0,0,0,0,0,167856,172145,178840,186168,166745,165582,7000,10000,10000,10000,5000,10000
310000,1,1,1,29,1,2,0,0,0,0,191457,187341,70359,77884,87484,89633,651,15000,10000,10200,2149,299
50000,2,1,2,29,0,0,0,0,0,0,8838,7662,40125,37552,22960,14735,6540,37130,2858,3000,1000,5000
50000,2,2,1,24,0,0,0,0,0,2,46485,34462,26809,27809,29705,26856,1523,1609,1500,2305,0,1701
280000,2,6,3,38,0,0,0,-1,-1,-1,286469,293875,296257,232,-94,143864,8024,8034,232,94,145935,5000
130000,2,1,2,23,-1,-1,-1,-1,-1,0,4459,13453,3656,5008,13734,14976,13485,3656,5024,13734,3000,822
260000,2,1,2,28,0,0,0,0,0,0,39105,45868,44567,37437,41321,43970,8000,8000,9000,13000,12000,10000
300000,2,2,1,34,0,0,0,0,0,0,86116,83724,80721,79939,58586,14570,3894,2783,3575,1605,1520,0
240000,1,1,1,29,-1,-1,-1,-2,-1,-1,17882,367,-4661,-23,4638,2500,403,4838,4638,4661,2500,0
10000,1,3,2,41,2,2,2,0,0,2,3983,4764,5528,7420,8298,8019,1000,1000,2000,1000,0,1390
50000,2,2,2,23,0,0,0,0,0,0,34997,36030,36740,37469,38254,39014,1900,1610,1339,1387,1395,1452
80000,2,2,1,29,0,0,0,0,0,0,63899,62048,49814,45292,43190,39457,2500,2500,2010,2000,2000,2000
100000,2,2,2,26,-1,0,0,0,0,0,53743,52320,46686,44497,44674,42653,3000,2500,3000,2000,5000,2600
140000,2,2,1,29,0,0,0,0,0,0,81764,92071,43777,22806,12643,29707,20167,5000,28800,2000,20007,10009
30000,2,2,2,28,0,0,0,0,0,3,15280,16230,17153,17351,19509,18900,1500,1500,780,2600,0,900
500000,1,1,1,44,-1,-1,-1,-1,0,-1,100862,367,15272,12925,75667,67609,367,16652,76146,67697,67609,71946
360000,2,2,1,39,1,-1,-1,-1,-1,-1,0,791,173,1640,287,2418,791,173,1640,287,2426,507
80000,2,2,2,25,1,2,0,0,2,0,31040,30259,31712,33734,29822,30966,0,2000,2444,0,3000,1000
210000,2,3,2,30,-1,-1,-1,-1,-1,-1,1661,5793,1181,1031,1430,1031,5793,1181,1031,1430,1031,1031
580000,1,1,2,32,-1,0,0,0,0,0,49193,46367,38111,33497,26800,22202,11686,8348,6593,7197,10097,133081
60000,2,3,1,38,0,0,0,0,-1,-1,26583,24825,23027,12947,390,700,1864,1206,259,390,700,13628
50000,1,2,1,31,0,0,0,2,2,2,42159,43172,46450,45402,48677,47740,2000,4000,0,4000,0,2300
260000,2,1,1,31,0,0,0,0,0,0,50312,128072,55359,39189,49909,20782,85387,33061,5039,20154,2854,29
20000,1,2,2,27,0,0,-1,-1,0,0,7320,7761,631,4481,6481,3465,2000,631,4481,2000,300,3332
100000,2,2,1,49,1,-2,-2,-2,-2,-2,0,0,0,0,0,0,0,0,0,0,0,0
60000,1,2,1,33,-1,0,0,0,0,0,4843,8790,12420,14731,21508,7695,5000,5000,4000,4000,3500,3000
40000,2,1,2,27,1,-1,-1,-2,-1,-1,0,450,0,0,247,0,450,0,0,247,0,0
200000,2,1,1,43,0,0,0,0,0,0,200898,197438,200912,145658,146351,149667,10000,9000,6000,6000,6000,6000
50000,2,3,2,22,0,0,0,0,0,0,47066,45132,47756,28275,28082,28846,2300,3862,2000,1100,1500,1100
140000,2,3,1,39,0,0,0,0,0,0,127896,131764,134654,138303,119845,122457,7500,6500,7500,5000,4700,5228
230000,2,1,2,27,0,0,0,0,0,0,92167,92799,94328,96203,98474,98835,3340,3401,3420,3797,3476,2818
140000,2,1,2,28,0,0,2,0,0,0,9305,13614,13103,14077,15189,16275,4800,0,1500,1500,1500,1500
290000,1,2,2,28,0,0,0,0,0,0,240745,216678,205930,209010,213471,217561,9323,9000,8000,8000,7800,8238
50000,1,3,2,26,0,0,0,0,0,-1,24132,20109,19932,19762,10708,20148,1902,1200,30,1031,20201,605
70000,2,1,1,29,0,0,0,0,0,0,68494,68532,69475,69582,69589,68728,3200,3300,3100,2800,2600,2940
70000,2,2,1,44,0,0,0,0,0,0,34135,27683,28311,24094,21317,9736,2020,5000,3011,1500,1000,1000
80000,1,1,2,24,0,0,0,0,0,0,50781,29297,78589,78806,50663,50214,4400,50000,3034,1800,1817,1750
220000,1,1,2,31,-1,-1,-1,-1,-1,-1,7521,4023,5878,6452,5157,4159,4028,5892,6463,5163,4169,3733
180000,2,2,1,30,0,0,0,0,-1,-1,39259,41054,25590,5817,13623,-2202,3000,6000,1000,13623,388,77001
20000,2,2,1,23,0,0,0,0,0,0,18774,18608,18312,18474,18074,19618,1700,1577,2000,808,2000,2000
110000,2,2,1,28,0,0,0,0,0,2,66831,62435,59977,59411,55112,45025,3021,2800,2710,5227,0,1900
190000,2,3,2,24,0,0,0,0,-1,0,54186,55466,57358,10890,287,49983,2000,2700,1100,287,49696,2000
170000,2,1,2,26,-1,-1,-1,-1,-1,-1,3732,3732,3732,3732,4239,3910,3732,3732,3732,4239,3910,4146
300000,2,4,1,31,-2,-2,-2,-2,-2,-2,0,0,0,0,0,0,0,0,0,0,0,0
150000,2,3,1,40,0,0,0,0,0,0,56690,58775,62769,64233,65704,69835,3606,5600,2500,2500,5400,2600
80000,1,1,1,46,0,0,0,0,0,0,48967,49850,50767,45721,49006,56275,2000,1771,1715,4000,8697,0
360000,2,2,1,33,0,0,0,0,0,0,325839,300726,252603,253759,255424,253826,11083,8948,8727,9118,9026,8997
200000,2,1,2,44,0,0,0,0,0,-1,34606,34800,33275,33435,32778,3277,2100,2000,3435,3000,3277,29928
70000,2,3,2,25,0,0,0,0,2,0,68658,68618,61208,50111,49207,50524,4500,2783,25000,0,3000,6000
70000,2,3,1,42,0,0,0,0,0,0,6489,9372,11179,8688,8295,10147,3000,2000,295,1000,2000,1000
230000,2,2,2,37,-2,-2,-2,-2,-2,-2,0,0,0,0,0,0,0,0,0,0,0,0
500000,2,2,2,43,-1,-1,-2,-1,-1,-1,374776,26890,12866,162415,122430,188547,27024,12930,162434,123042,188715,200284
180000,2,1,1,27,2,2,2,2,2,0,81044,78403,58083,58244,56041,50816,2600,0,4700,0,2500,1092
50000,1,2,1,36,1,-2,-2,-2,-2,-1,0,0,0,0,0,2949,0,0,0,0,2322,0
180000,1,2,1,53,-1,-1,-1,-1,-1,-1,316,316,316,316,316,316,316,316,316,316,316,466
50000,2,3,3,46,0,0,0,0,0,0,44835,45989,47167,25142,4716,4840,1900,2050,2000,300,200,500
20000,1,2,2,50,0,0,2,0,0,0,8639,10483,11016,12027,12030,12535,2000,1000,1500,500,700,700
220000,2,2,1,45,1,-1,0,-1,0,-1,0,6010,7069,43957,30693,13264,6010,1229,43957,614,13264,700
130000,1,2,2,28,0,0,0,0,0,0,113613,112867,92617,94896,92347,94323,5847,3413,3872,3465,3627,5000
200000,2,1,2,27,0,0,0,0,0,0,9314,6020,4817,2098,2280,4778,2020,2817,1098,1280,3778,3098
400000,2,2,2,41,-2,-2,-2,-2,-2,-2,43672,678,330,330,330,330,678,330,330,330,330,330
30000,2,2,1,23,0,0,0,0,0,0,27222,27630,28618,28833,9895,12155,1450,1638,1053,2000,5155,4145
500000,1,1,2,51,0,0,0,0,0,0,79461,75952,77726,79494,83150,85805,3000,3000,4000,5000,4000,4000
40000,1,1,2,24,0,0,0,0,0,0,39868,25714,17351,21567,18388,18353,1259,1700,6000,800,800,800
130000,1,2,2,29,-1,-1,-1,-1,-1,-1,3920,3848,942,942,768,-174,4000,942,942,768,0,0
50000,1,2,1,40,0,0,0,0,0,0,50066,47636,9762,8620,9303,8693,1450,1500,400,1000,1000,2000
290000,2,3,2,32,0,0,0,0,0,0,21981,24610,27009,26671,24826,22287,3000,3000,3000,3000,3000,3000
120000,2,2,1,23,0,0,0,0,0,0,64049,65984,66825,68820,69776,71297,3000,2500,3100,2700,2800,2800
340000,2,2,2,39,0,0,0,0,0,0,308286,315601,318616,243586,248766,254056,13775,10631,8900,9200,9525,8600
330000,1,1,2,45,0,0,0,0,0,0,265362,246735,248541,231534,230309,235992,7500,8001,7000,7000,8000,8000
380000,1,2,2,32,-1,-1,-1,-1,-1,-1,22401,21540,15134,32018,11849,11873,21540,15138,24677,11851,11875,8251
60000,1,3,2,43,0,0,0,0,0,0,55800,53216,43077,36197,34283,20395,1782,1850,1318,5822,794,2000
20000,2,1,2,22,0,-1,-1,0,-1,-1,18479,2005,7839,5386,10690,3413,2022,15210,1000,10690,3413,390
60000,2,3,1,36,1,2,2,2,0,0,57285,61118,61947,60353,4980,2160,5336,2550,16,0,0,0
50000,2,3,1,70,2,2,0,0,0,0,54084,51564,50733,30363,30444,30482,0,2504,1200,1500,1100,1301
500000,1,1,2,42,2,0,0,0,0,0,419352,428101,436809,443840,452841,468305,17008,17326,16101,16634,23501,20623
50000,1,2,2,42,0,0,0,0,0,0,39236,39729,27068,28604,28199,58428,2094,1451,1987,1039,1500,1200
60000,1,2,2,24,2,0,0,0,0,0,27019,25100,21023,16973,12410,11944,1686,2000,1000,1000,6000,5000
100000,1,1,2,32,0,0,0,0,2,0,99573,159480,56267,11788,11400,11419,2787,1353,1739,0,1000,1147
10000,1,2,2,35,1,6,5,4,3,2,8257,8001,7741,7481,7075,6815,0,0,0,0,0,700
500000,2,2,1,43,-2,-2,-2,-2,-2,-2,10330,12320,12209,16727,17738,14117,12320,12209,16727,17744,14117,11691
150000,1,1,2,34,0,0,0,0,0,0,56142,60855,53256,60945,60720,57407,10115,15010,10015,3022,1522,2013
20000,1,2,2,24,8,7,6,5,4,3,24348,24025,23391,22757,21834,21200,0,0,0,0,0,0
110000,2,3,1,43,0,0,0,0,0,0,48796,49371,19413,20204,16627,14980,2350,1392,1183,511,1151,482
240000,2,2,1,35,-2,-2,-2,-2,-2,-2,5391,7375,4908,5638,2582,4127,7375,4908,5638,2587,4127,4942
100000,1,2,1,50,0,0,0,0,0,0,101430,87429,108011,104261,102451,99947,5001,64401,4000,4500,4200,3200
500000,2,3,1,38,-2,-2,-2,-2,-2,-2,13655,8351,2340,2340,11435,189,8351,2340,2340,11435,189,5391
230000,2,1,2,26,-2,-1,2,-1,0,-1,-10,1732,476,3157,340,769,2122,0,3157,0,769,1265
140000,2,2,1,40,0,0,0,0,0,0,102502,101164,99579,99004,88485,85218,5000,5000,5000,3000,3000,4000
500000,2,4,2,38,-2,-2,-2,-2,-2,-2,2252,2265,24667,40626,9255,8659,2265,24905,40827,30844,8695,3532
170000,1,1,1,41,-1,-1,-1,0,0,-1,10540,0,9871,9739,66,230,0,9871,0,0,230,23709
230000,2,2,2,29,0,0,0,0,0,0,157107,119402,78875,76117,75428,150130,6000,3020,3000,2500,80000,5000
230000,2,2,1,43,-1,-1,-1,-1,-1,-1,3451,5560,1180,8563,5180,2524,5587,1186,8605,5201,2532,4759
100000,2,3,1,39,0,0,0,0,0,0,39667,40704,41718,41536,42243,42929,1649,1663,1471,1360,1212,4472
90000,1,2,2,29,0,0,0,0,0,0,86294,88412,89853,69362,70537,56775,4400,4111,2100,2200,2510,2000
30000,1,3,1,47,0,0,2,0,0,-2,27609,30791,29913,30461,0,0,3630,0,1300,0,0,0
360000,1,2,1,46,-2,-2,-2,-2,-2,-2,8746,3093,1935,1205,1320,1068,3108,1952,1219,1326,1073,191
20000,2,3,2,50,0,0,0,0,0,0,16350,17382,18488,19179,19720,19822,1300,1400,1000,1000,626,300
290000,2,2,1,31,0,0,0,0,0,0,284583,274119,275169,189354,193163,197303,10000,10490,6620,6700,7000,7150
340000,2,1,2,29,-1,-1,-1,2,0,0,2688,11432,12411,9119,29280,23093,11486,12824,10,29047,6153,3523
20000,1,3,2,51,0,0,0,0,-1,-1,9953,13989,14953,14710,900,0,5000,1275,2704,3200,0,0
80000,2,2,1,34,0,0,0,0,-2,-2,49005,49551,45930,0,0,0,2141,2150,0,0,0,0
100000,1,1,2,36,0,0,0,-1,-1,2,15585,12430,8186,1127,10880,10143,5000,5000,1127,10143,0,7000
30000,2,3,1,53,0,0,0,0,0,0,8615,9960,11492,12391,12891,9069,1500,1700,1500,500,1000,0
500000,1,2,1,33,0,0,0,0,0,-1,26597,16573,19080,13860,15904,134584,3357,3010,2000,2044,131438,4504
90000,1,2,1,40,0,0,0,-1,-1,-1,42856,44925,0,787,1457,0,3114,0,787,1457,0,0
170000,1,1,1,38,1,-2,-2,-2,-2,-2,0,0,0,0,0,0,0,0,0,0,0,0
500000,1,2,1,39,0,0,0,0,0,0,342548,290244,250186,276579,239874,226502,8628,6242,231888,7945,7840,6966
200000,2,1,1,41,-1,-1,-1,-1,-1,-1,4533,8756,3539,5529,10332,6894,8756,3539,5529,10332,6894,3188
360000,2,1,1,31,-2,-1,-1,-2,-2,-2,-4,434,0,0,0,0,438,0,0,0,0,0
200000,1,2,2,25,2,2,2,2,2,2,147660,148603,143647,152605,155981,158508,5500,0,12000,8000,5800,80
300000,2,3,1,40,-2,-2,-2,-2,-2,-2,0,0,0,0,0,0,0,0,0,0,0,0
50000,2,2,1,34,0,0,0,0,0,0,5745,4266,3047,3606,2390,1655,1023,1051,1000,50,10050,734
100000,2,3,1,30,1,2,2,0,0,0,46809,47121,45239,44712,43654,44678,2000,0,1900,1600,3200,0
50000,2,2,2,25,1,-1,-1,-1,-1,-1,0,870,590,3700,1999,7300,870,590,3700,1999,7300,17120
130000,2,2,1,48,-2,-2,-2,-2,-2,-2,0,1240,1487,1279,749,440,1240,1487,1279,749,440,849
200000,2,2,1,31,-1,-1,-1,-1,-1,-1,1319,4997,3635,130,1209,938,4997,3650,130,1209,938,105
130000,1,2,2,30,0,0,0,0,0,2,131801,129141,132221,131743,131986,131430,4800,5250,5050,5700,5100,5012
50000,2,2,1,38,-1,-1,-1,-1,-1,-1,588,588,588,926,643,643,588,588,926,643,643,643
170000,2,1,2,31,1,-1,-1,-2,-2,-1,0,843,0,0,0,1880,843,0,0,0,1880,456
90000,1,2,1,39,0,0,0,0,0,0,88081,83960,84963,56089,57355,58394,3244,2600,2037,2200,2110,7000
360000,2,1,1,41,0,0,0,0,0,0,250180,141206,64277,32727,13004,0,4428,2017,305,1240,0,0
180000,2,2,1,36,-1,-1,-2,-1,-1,-1,682,0,0,1012,0,669,0,0,1012,0,669,0
80000,2,3,1,25,0,-1,-1,-1,-1,-1,3525,1504,0,2332,4320,0,1654,0,2332,4320,0,0
70000,2,2,2,22,0,0,0,0,0,0,53399,49108,49674,44568,31156,30954,1841,2243,1467,1076,1096,1494
500000,1,1,2,31,0,0,-1,0,0,0,239824,226716,115610,89359,63609,123128,5614,118640,5841,6000,100000,5000
40000,1,1,2,26,0,0,2,2,2,0,39723,12302,9369,22949,11188,13306,10000,92,15000,0,3000,4000
80000,1,1,2,35,0,0,0,0,0,0,52132,52568,54108,55310,48198,43536,3000,3000,3000,2000,2000,2000
210000,2,1,2,44,0,0,0,0,0,0,125615,77485,79668,92326,30500,25265,5000,4000,3402,2013,1026,1000
50000,2,1,2,29,2,0,0,0,0,0,45367,46815,10099,8686,8614,6977,2335,1629,500,500,1000,1000
30000,2,1,2,24,2,2,0,0,0,0,23905,23244,23578,25871,26143,26724,0,2000,3000,1000,1000,3500
100000,2,2,2,29,-2,-1,0,0,0,0,75912,85276,88498,90289,92485,95630,10000,4000,2600,3000,4000,5000
60000,1,2,1,37,3,4,3,2,2,2,30381,29986,29210,29729,30505,32232,366,0,1300,1400,2400,2300
160000,2,1,2,33,-1,-1,-2,-2,-2,-2,699,0,26808,0,0,0,0,26808,0,0,0,0
360000,1,1,1,38,-2,-2,-2,-2,-2,-2,0,0,0,0,0,0,0,0,0,0,0,0
220000,2,1,2,32,1,-1,-1,-1,0,-1,0,4048,4925,12554,1036,522,4048,4925,12606,0,572,7656
200000,1,1,1,44,-2,-2,-2,-2,-2,-2,1640,0,0,0,0,0,0,0,0,0,0,0
150000,2,5,2,26,0,0,2,0,0,0,22683,24349,2130,2130,32,-780,2219,0,0,0,0,0
150000,2,2,1,34,0,0,0,0,0,0,146661,142118,139750,142730,144083,130791,6800,6600,6800,5600,4900,5100
150000,2,1,2,32,2,2,2,0,0,2,120800,123379,122881,123954,131543,134319,6000,3000,4600,9800,5100,5000
30000,1,1,1,38,8,7,6,5,4,3,35031,34552,33756,32960,31881,31085,0,0,0,0,0,0
20000,2,2,2,22,0,-1,2,-1,-1,-2,10294,3203,199,2780,0,0,4000,0,2780,0,0,0
100000,2,2,2,35,0,0,0,0,0,0,100207,94080,75428,76450,77503,64119,4026,3100,3050,3000,2300,2700
150000,1,1,2,34,0,0,0,0,0,0,62854,50558,52738,53747,55271,57250,5000,3000,2500,3000,3000,4870
70000,1,2,1,35,0,0,0,0,0,0,69388,70480,66646,69641,46458,50679,3439,3237,4938,1693,5000,2200
30000,2,2,2,24,0,0,0,2,0,0,28218,28704,30428,28914,29357,29955,2000,3600,0,1200,1200,1300
420000,2,1,2,27,-1,-1,-1,-1,0,0,15629,5402,1237,24712,11912,12647,5402,1237,24712,0,2647,22019
140000,2,2,1,33,-1,-1,-1,-1,0,0,1750,397,13126,3454,1747,1240,397,13126,3456,89,156,2813
280000,2,4,1,50,0,-1,-1,2,2,-2,5380,390,1843,1663,-147,-147,400,1843,0,0,0,1647
320000,1,1,1,35,1,-2,-2,-2,-2,-2,291,2594,2691,291,291,291,2594,2691,291,291,291,3124
370000,2,1,1,42,0,0,0,0,0,0,271452,256269,200761,125646,111185,45816,11295,8300,5000,4600,10000,280000
10000,1,2,2,22,0,0,0,0,0,0,9358,7926,9310,9500,9700,10000,1216,2800,190,200,300,0
200000,2,2,1,34,-2,-2,-2,-2,-2,-2,0,0,0,0,0,0,0,0,0,0,0,0
40000,1,1,2,26,0,0,0,0,0,0,21651,19279,19076,15838,17616,11081,5009,5000,1560,7000,497,2000
260000,2,2,2,33,-1,-1,-1,-1,-1,0,5188,12357,28656,7497,7685,15434,13000,29022,7500,27769,12000,6200
210000,1,2,1,53,1,-1,2,-1,-1,-1,-197,3195,1821,1683,0,1986,3392,2,1683,0,1986,1188
360000,1,1,2,28,0,0,0,0,0,0,78398,86955,127146,103273,91933,108163,25126,60259,27208,31262,90114,30463
70000,1,3,1,30,0,0,0,2,0,0,67730,67021,67328,60962,61146,56066,3000,6006,0,1900,2000,2000
180000,2,2,1,37,0,0,0,0,0,0,78089,75159,76602,76896,78588,77770,3333,3310,2900,3040,3500,2300
230000,2,1,2,38,0,0,0,0,0,0,25195,28652,32838,35511,26828,19887,10000,15000,6120,10000,6000,4000
250000,2,2,1,32,0,0,-2,-2,-2,-2,39936,16666,16998,17504,0,0,8666,16998,17504,0,0,0
80000,2,2,2,27,0,0,0,0,0,0,73684,68883,45257,45981,46032,46192,2896,1722,1619,1665,1700,1833
270000,1,2,2,27,0,0,0,0,0,0,24689,29520,29722,36276,19065,17937,10058,10339,10034,54,10088,6368
70000,2,2,2,24,0,0,2,0,0,0,65508,50382,49271,50449,51636,53666,4000,0,2000,2000,3000,2000
200000,1,1,3,47,0,0,0,0,0,0,202967,203188,198576,186981,137486,140473,7208,7282,5835,5000,5500,4954
140000,2,1,1,37,0,0,0,0,0,0,135134,139178,139900,109665,108129,108067,6703,6120,4015,4042,4057,4012
360000,1,2,1,44,-1,-1,-1,-1,-1,-1,5101,9358,15452,9990,6515,5694,9419,15485,9995,6515,5694,12785
10000,1,2,2,27,0,0,0,0,0,2,16944,8261,9252,9590,10129,8932,2296,1139,477,830,0,1241
10000,2,2,1,46,1,2,-1,-1,-1,-1,9841,9628,4060,4530,2140,1875,121,4060,4530,2140,1875,0
410000,1,2,2,42,-1,-1,-1,-1,0,-1,7114,8223,6557,16128,7539,5300,8309,6645,16141,0,5300,5600
120000,2,1,2,26,0,0,0,0,0,0,115520,98551,84797,66398,44428,31738,5001,5076,5000,3042,2110,600
240000,2,1,2,35,-2,-2,-2,-2,-2,-2,5757,2904,24671,2249,4505,11859,3242,24685,3535,4505,11859,12000
70000,2,3,1,50,-2,-2,-1,0,0,0,27345,-1041,17571,17920,18296,18659,1041,18862,640,663,666,690
270000,2,1,2,30,0,0,0,2,0,0,25628,27880,35387,34524,36630,38871,3000,8000,0,3000,3000,2000
160000,2,3,1,53,0,0,0,0,0,0,95907,108036,110538,130873,134524,135264,15325,5731,24677,5753,5325,6000
90000,1,2,3,40,0,0,0,0,-1,-1,106947,71111,25286,8773,3786,390,1965,5064,5007,3788,390,390
100000,2,3,1,40,-2,-1,2,2,-2,-1,3234,6163,3786,3789,2195,3691,6163,0,3809,0,3691,1328
240000,2,1,2,31,2,0,0,0,0,0,179483,183151,185490,189351,193115,197445,8151,6790,6951,6915,7445,7248
250000,1,2,1,34,-1,-1,-1,-1,-1,0,6461,8117,2200,3772,8650,17650,8117,2200,3772,8650,10000,4646
200000,1,3,1,29,-1,-1,-1,-1,-1,-1,15456,46620,22935,8335,971,4278,46722,22985,8346,971,4296,21767
320000,2,1,2,32,-2,-2,-2,-2,-2,-2,-1,-1,-1,-1,0,-400,0,0,0,1,400,6083
240000,2,1,1,35,-1,-1,-1,0,-1,0,3664,5770,10412,4578,5928,5619,5770,10420,1150,5928,3619,13227
150000,2,3,1,45,0,0,0,0,0,0,59885,59054,60254,59604,60707,61988,2200,2200,2300,2213,2300,2245
30000,1,1,2,26,1,-1,-1,-2,-2,-2,0,780,0,0,0,0,780,0,8000,0,0,0
80000,1,2,2,53,0,0,0,0,0,0,80577,78781,78363,48902,49996,-1719,3261,2342,1630,1759,0,52085
360000,1,2,1,37,-2,-2,-2,-2,-2,-1,194836,134296,128307,61650,0,87754,5180,5564,2850,0,87754,3159
230000,2,2,1,43,0,0,0,0,0,0,41435,42106,43532,44504,44267,45564,1674,3000,2011,1574,2000,2000
140000,1,2,2,41,0,0,0,0,0,0,92281,92370,92446,65774,65076,64295,3551,3814,2333,2340,2279,2273
10000,1,2,2,33,0,0,0,0,0,0,8177,9131,9669,7624,8049,6857,2500,1145,1000,1000,1000,1500
50000,1,1,2,64,0,0,0,0,0,0,46351,20055,18725,17848,14610,11314,1377,1165,522,1000,485,426
150000,2,2,2,27,-1,-1,-1,-1,0,0,1518,1798,5699,4644,70337,67902,1798,5699,4644,70331,3000,3000
260000,1,1,2,34,-2,-2,-1,-1,-2,-2,916,2615,1580,920,730,466,2615,1586,920,730,466,1455
320000,1,1,1,46,0,-1,-1,-1,-1,-1,3337,9061,7809,5238,8594,3743,9061,7935,5238,8594,3743,12820
80000,1,2,2,25,-1,-1,-1,-1,-1,-1,416,416,416,416,416,416,416,416,416,416,416,416
130000,2,2,2,31,0,0,0,0,0,0,95292,97544,99208,102946,103750,105818,4600,4000,5300,3700,3600,3700
80000,2,2,2,30,0,0,0,2,0,0,35738,37108,41012,40052,41110,42071,1946,4850,0,1700,1800,1800
20000,2,2,2,22,0,0,0,0,0,0,19248,20054,19133,19397,19702,20506,2000,1300,678,706,2037,0
100000,2,2,1,38,1,2,0,0,2,0,14483,13961,15323,16268,15868,16448,0,1600,1500,0,1000,1500
100000,1,1,2,32,1,2,2,0,0,0,95794,97390,94110,92823,68136,53170,4000,0,2000,2000,3000,0
310000,2,1,1,47,0,0,2,0,0,0,131559,135970,121016,111214,101957,92805,17839,0,5000,4000,4000,3000
270000,2,1,1,31,-2,-2,-2,-2,-2,-2,6181,12110,26069,36630,37390,19816,12140,26134,36650,37390,19816,5272
140000,1,1,2,31,-1,-1,-1,-1,-1,-2,4900,393,0,814,0,0,393,0,814,0,0,0
50000,1,2,2,27,2,-1,-1,-1,-1,2,390,390,780,216,1080,540,390,780,216,864,0,390
140000,2,1,2,29,0,0,0,0,0,0,130261,95550,96273,91059,92609,95184,3474,4000,4000,3500,8000,5000
30000,2,2,2,23,0,0,0,2,0,0,10805,10527,12443,11949,12107,12907,1184,2100,0,500,1000,0
230000,1,2,1,35,0,0,0,0,0,-1,176853,180639,180117,179717,124117,182717,10000,5000,0,5000,189600,10000
200000,2,3,2,29,-1,-1,-1,-1,-1,-1,326,326,326,326,326,326,326,326,326,326,326,326
300000,1,2,1,38,0,0,0,2,2,2,181387,171685,181780,177363,189423,188567,8000,14500,0,15150,7700,0
70000,1,2,1,43,0,0,-1,-1,-1,0,16186,3680,4540,39994,6844,12308,2000,4540,39994,6850,10000,13000
230000,2,1,1,46,-2,-2,-2,-2,-2,-2,266,0,0,0,0,300,0,0,0,0,300,0
50000,1,3,1,47,1,3,2,0,0,-1,4759,4540,4284,2946,1473,1473,0,0,0,0,1473,1473
10000,1,3,1,54,4,3,2,2,2,2,7936,7662,8386,9069,9966,8410,0,1000,1000,1000,0,2000
350000,2,2,1,32,-2,-2,-1,0,0,0,19637,239770,8111,198877,191248,183157,242247,8111,198748,7000,6509,7022
90000,2,1,2,26,2,0,0,0,0,0,89526,89149,85301,65463,65923,67269,3400,3325,2300,2400,2400,2400
70000,2,3,2,40,0,0,2,0,0,0,12924,14615,14692,14784,15175,16360,2600,1000,1000,1000,2000,2000
500000,2,1,1,47,-2,-2,-2,-2,-2,-2,97832,47708,131063,131508,182843,10790,27369,135784,15000,75550,216,27183
350000,2,1,2,38,-2,-2,-2,-2,-2,-2,10354,29812,15209,9260,2120,2459,29916,15217,9280,2128,2459,11409
80000,2,2,2,22,2,2,0,0,0,0,53023,76708,39701,41021,41525,42394,0,3320,1980,1484,1536,1548
50000,1,1,2,23,4,3,2,0,0,2,27101,26431,14109,9417,9952,9165,88,12,473,825,323,10000
30000,2,2,2,30,0,0,2,0,0,0,16570,18989,18387,22047,23691,25547,3000,0,4000,2000,2250,1500
80000,2,1,2,40,0,0,0,0,0,0,27432,27902,28447,23537,7613,3356,1833,1378,1328,195,269,56
20000,1,2,1,37,0,0,0,0,0,0,15429,16436,17584,18166,8190,8190,1270,1418,1000,3144,0,0
240000,2,2,1,28,-1,0,0,0,-1,-1,5740,5639,3428,4634,4590,9675,1215,2000,2000,4590,9675,15000
100000,2,3,1,50,2,2,2,2,-1,0,117517,110537,99734,99973,71008,66735,4700,0,3000,103000,2500,3000
500000,2,1,1,38,0,0,0,0,0,0,105587,105478,100026,86265,67539,53676,3627,3059,2670,2331,2406,1645
220000,1,2,2,31,0,0,0,0,0,0,167390,123981,250982,129905,131248,139420,6000,5000,6500,5000,10500,5200
200000,2,1,1,46,1,-2,-2,-2,-1,-1,9367,0,0,0,9400,13039,0,0,0,9400,13039,0
20000,2,2,2,24,2,3,2,2,2,2,12764,12267,13266,12756,13801,13439,0,1500,0,1259,0,1200
140000,2,2,1,37,-1,-1,-1,-1,-1,-1,326,326,326,1516,326,1439,326,326,1516,326,1439,326
120000,2,3,2,31,-1,-1,-1,-1,-1,-1,396,396,396,396,396,1100,396,396,396,396,1100,396
50000,2,2,2,43,0,0,0,0,0,0,48474,48388,38972,47584,28055,28571,2334,1918,12530,1001,1035,1198
140000,1,1,1,40,2,0,0,2,2,2,136785,137175,140773,133147,140350,136475,5051,12602,0,12000,0,5000
450000,1,1,1,53,-1,-1,-1,-1,-1,0,3873,3119,8970,1323,11990,8838,3128,9008,1323,12008,214,1327
20000,2,2,2,49,0,0,0,3,2,2,15945,16971,19796,19188,18740,20219,1288,3113,0,0,1800,663
50000,2,2,1,24,0,0,0,-2,-2,-2,25207,25435,0,0,0,0,1000,0,0,0,0,0
290000,2,2,1,60,1,-2,-2,-2,-2,-2,0,0,0,0,0,0,0,0,0,0,0,0
30000,2,2,2,22,-1,0,0,0,0,0,2006,3116,28844,25317,25885,25165,1157,25885,1500,2170,1000,1000
360000,2,2,1,39,1,-2,-2,-2,-2,-2,0,0,0,0,0,0,0,0,0,0,0,0
50000,2,2,2,23,0,0,0,0,2,2,38333,40401,42897,44388,46528,44986,3000,3500,2500,3000,0,3500
230000,1,1,1,46,2,2,2,2,2,0,193112,197039,200300,203018,199689,202833,8500,8000,7500,0,6622,20200
200000,2,2,2,26,-1,-1,-1,-1,-1,0,41906,17969,29789,11740,27004,4039,18089,30223,42749,27124,22,58869
280000,2,1,2,30,1,-1,-1,-1,0,0,0,230,0,327,168,168,230,0,327,0,0,0
20000,2,2,2,24,1,2,0,0,2,0,6025,5786,10471,11542,11216,14834,0,5000,1550,0,4000,4026
300000,2,1,2,29,-2,-2,-1,0,0,0,-1282,-1282,132218,133533,136877,139940,0,133500,5000,5500,5500,5500
180000,2,1,2,40,-2,-2,-2,-2,-2,-2,0,0,1040,258,0,0,0,1040,258,0,0,0
20000,1,2,1,31,-1,-1,-1,-1,-1,-1,1572,1386,999,2640,1000,0,1386,1003,2640,1000,0,0
50000,2,1,2,23,-1,0,0,0,0,0,15036,15790,18202,18601,19138,18319,1300,2701,700,847,655,700
50000,2,2,2,49,0,0,0,0,0,0,43342,44441,45390,46310,47262,48219,2100,2000,1113,1143,1159,1381
350000,2,2,2,33,0,0,0,0,0,0,341200,328857,324873,300004,306269,273732,14000,12000,10400,12000,12000,9000
100000,2,2,1,40,-2,-2,-2,-2,-2,-2,-14,1452,4091,3011,5955,0,1466,4091,3020,5955,0,2835
80000,2,1,2,24,0,0,0,0,0,0,78862,71124,59692,58055,44578,45889,4000,3000,1844,1567,2000,2000
50000,1,3,1,45,0,0,0,0,0,0,45982,41372,18059,18020,18028,17744,1421,1500,629,672,626,2000
90000,2,2,2,26,2,2,2,2,0,0,88103,90951,92226,89817,87296,89130,8300,3600,0,3300,3400,4000
150000,1,2,1,31,2,2,0,0,0,0,156286,148841,134757,85874,84665,78130,57,6203,2819,3109,2842,3024
50000,2,2,2,40,-1,-1,-1,-2,-2,-2,15584,4377,0,0,0,0,4377,0,0,0,0,0
290000,1,1,2,41,0,0,0,0,0,0,255049,247090,242309,238609,238712,237847,9006,8507,10902,8600,8671,8210
190000,2,2,2,26,0,0,2,0,0,0,115608,138097,130898,130950,115342,115657,26500,0,7000,4550,4600,4170
30000,2,3,2,42,1,2,2,2,0,0,30445,27794,30603,29802,30134,30410,0,3569,0,1100,1100,1127
20000,1,1,2,28,1,2,-1,0,0,0,10631,1512,20400,20000,20000,0,0,20400,0,0,0,0
50000,1,2,2,22,0,0,0,-2,-2,-2,47478,43300,0,0,0,0,1000,0,0,0,0,432
120000,1,3,1,47,-1,-1,-1,-1,-1,-1,1051,671,291,1051,291,671,671,291,1051,291,671,1051
290000,1,1,2,41,-2,-2,-2,-2,-2,-2,3394,-186,37392,6106,14839,11209,0,37578,6136,14913,11264,2296
150000,2,2,1,39,0,0,0,0,0,0,16878,7632,33019,31366,31709,42632,5000,30000,3000,5000,15000,6000
340000,2,1,2,30,-1,-1,-1,-1,0,-1,8571,21012,10607,47258,35675,20691,21041,10607,47258,983,20691,23849
50000,2,2,2,26,1,2,2,2,2,3,18253,20539,20616,20977,23287,22637,2900,700,1000,2970,0,0
120000,1,2,1,41,-2,-2,-2,-2,-2,-2,0,0,0,0,0,0,0,0,0,0,0,0
180000,2,2,2,34,0,0,0,0,0,0,41699,42812,44132,24594,25686,26780,1800,2100,1500,1500,1500,1200
230000,1,1,2,40,-2,-2,-2,-2,-2,-2,6514,7882,162,-868,-868,-868,7882,162,0,0,0,0
180000,2,1,1,27,0,0,0,0,0,0,152158,155181,158437,161664,164873,168344,5539,5741,5852,5881,7607,6135
140000,2,3,2,53,0,0,0,0,0,0,68889,68662,65581,56271,54586,54247,3075,3014,2606,2005,2404,2629
220000,2,1,2,32,0,0,0,0,0,2,205310,203343,209214,210965,214989,203159,7600,9800,7200,7700,7500,7250
340000,2,1,1,36,0,0,0,0,0,0,185268,326074,276519,251815,218706,165666,160444,10143,7190,6283,5208,4177
250000,2,1,1,32,-2,-2,-2,-2,-2,-2,3829,4360,4420,18311,2887,4768,4374,4423,18311,2887,4768,591
80000,2,3,1,55,2,2,0,0,0,0,71905,70150,72017,73816,75584,77365,0,3000,3000,3000,3000,3000
230000,1,2,1,39,-1,-1,-1,-1,-1,-1,8681,8681,8888,4932,10986,5081,8681,8888,4932,10986,5081,4321
70000,2,1,1,45,1,1,-1,0,0,0,116630,-67526,71562,68709,28528,29171,0,140043,1830,1021,1103,1011
20000,2,1,2,28,2,2,2,2,2,2,15522,18442,17862,19756,19143,21671,3186,0,2500,0,3000,0
110000,1,2,2,27,0,0,0,0,0,0,29734,31743,33202,34656,38596,40970,2500,2000,2000,4500,4000,1500
80000,1,2,2,24,0,0,0,0,0,0,79047,81120,69986,46965,46518,47330,3837,2800,2008,1700,2000,1800
250000,2,1,2,35,-1,-1,0,0,0,0,964,69000,63462,45710,43537,38367,69032,2138,1566,1582,1318,1630
300000,2,1,2,28,0,0,2,0,0,0,24763,33484,31501,32678,36147,40503,10700,0,2000,4000,5000,0
10000,2,2,2,22,0,-1,0,0,0,0,14896,12011,7929,7693,6838,3486,7000,4000,207,229,70,0
20000,1,3,2,23,2,2,2,2,3,2,15034,17676,17100,19111,18525,18080,3200,0,2600,0,0,1700
30000,1,5,1,56,0,0,0,-1,-1,-1,29060,23546,0,1473,780,0,1030,0,1473,780,0,1320
290000,1,2,1,50,-1,-1,-1,-2,-2,-2,929,1729,0,0,0,0,1732,0,0,0,0,335
200000,2,1,2,35,-1,-1,-1,-1,-1,-1,467,2628,287,9471,985,4489,2700,1000,9500,1000,4500,1301
120000,2,3,1,43,1,2,-1,-1,-1,-2,2057,1722,716,926,0,0,524,716,926,0,0,485
420000,1,1,1,43,-2,-2,-2,-2,-2,-2,3542,2967,2977,2987,3624,3165,3010,3035,3029,3637,3222,3025
80000,1,2,1,31,0,0,0,0,0,0,70664,62223,26400,27201,27363,-4000,2036,1500,1201,1500,2000,2000
30000,2,2,2,27,0,0,2,2,2,0,17845,20615,19962,18191,12134,6879,3384,0,1450,0,500,2417
90000,2,2,1,39,0,0,0,0,0,0,45406,47337,48575,49667,51119,23344,3000,2000,2000,2000,2000,1087
40000,2,2,1,28,0,0,2,0,0,0,29195,32043,31250,31962,32752,33571,3650,0,1533,1322,1500,1221
360000,1,1,1,32,-1,-1,-1,0,0,0,2612,3218,6989,2729,1436,-14,3234,7021,6,7,0,0
110000,2,2,1,27,1,2,2,0,0,0,110593,111679,108455,109392,78524,75745,4363,0,4012,3120,2800,3000
50000,1,2,2,22,2,2,2,0,0,0,13752,17945,17807,17430,18262,14224,4448,1003,1000,1014,1004,1468
310000,2,2,2,31,2,0,0,0,2,2,137171,141486,144515,154587,156565,153965,6600,6800,14000,6000,0,5800
240000,1,1,1,30,0,0,0,0,0,0,240770,243509,228735,198585,202762,202932,9000,8009,7100,7324,7200,7074
20000,1,1,2,24,-1,-1,-1,-1,-1,-1,3808,4470,8176,7909,2948,1220,4515,8186,7913,3049,1624,3800
50000,1,2,2,32,0,0,0,0,0,0,49292,48536,41045,41532,18646,19183,2661,3030,2124,646,828,1097
110000,2,1,2,23,0,0,0,0,0,0,78793,79182,76460,60136,41872,38158,3400,4000,2951,1600,1540,1400
100000,1,2,1,52,0,0,0,0,0,0,21641,22983,24290,25080,25768,27407,2000,2000,1500,1093,2228,0
20000,2,2,1,41,-1,-1,-1,-1,0,0,958,1546,1156,9646,6510,2514,1546,1156,9646,130,50,0
240000,1,2,2,29,0,0,0,0,0,0,243774,242529,242079,243114,213930,219009,8891,12350,15969,7968,8700,17500
90000,1,2,1,37,2,-1,-1,0,0,0,117793,93777,87401,38144,39177,36687,6732,92113,1317,1598,1461,1354
230000,2,3,1,30,0,0,0,0,0,0,190919,191785,164602,136569,139522,132239,7214,6264,10000,5028,5000,5000
20000,2,1,2,22,0,0,0,0,0,0,19458,18786,16249,16478,10735,3274,1552,1381,1000,215,65,0
130000,2,2,2,25,0,0,0,0,0,0,14351,10473,9429,10413,7874,7158,2000,3000,3000,4000,1000,2000
60000,2,2,2,26,0,0,0,0,0,-2,23911,25181,26513,7028,-1073,-1073,1668,2000,1500,0,0,22000
20000,2,2,2,22,1,2,0,0,2,2,9498,9202,10741,12326,11888,9351,0,2000,1800,0,900,0
130000,2,1,2,31,0,0,0,0,0,0,133845,126804,130264,133603,132215,131848,7000,7000,7000,5500,5100,5500
20000,1,3,1,52,1,2,0,0,0,-2,20838,20212,20148,19845,0,0,0,1200,397,0,0,0
200000,2,1,1,39,-1,-1,-1,-1,-1,-1,100239,81596,114770,70175,69180,44376,81596,114770,70175,69180,44376,37638
50000,1,2,2,24,-1,0,0,0,0,0,6701,8770,11312,13112,13394,14176,2200,2700,2000,500,1000,700
610000,2,1,2,31,0,0,0,0,0,0,142764,126606,67887,58397,105301,105965,6540,2100,2150,50000,4700,2000
500000,1,1,1,41,-1,-1,-1,-2,-1,-1,719,1550,-50,-50,10037,79,1558,0,0,10087,79,471
500000,1,2,1,54,0,0,0,0,0,0,108075,106532,102315,90435,91924,81378,5014,4500,4000,4052,3007,4013
70000,2,3,1,35,2,-1,0,0,0,0,1183,41263,40206,42184,43182,42674,41263,2500,2468,1466,1328,1501
320000,1,1,2,40,0,0,0,0,0,0,304702,307943,314201,319204,325758,319898,20000,12868,11721,12000,13000,11728
120000,2,1,2,24,-1,-1,-1,-1,-1,-1,2946,384,1914,390,0,780,384,1920,390,0,780,0
390000,1,1,2,26,2,0,0,0,0,0,112320,106156,95039,85806,76981,69641,5073,3950,2627,2044,2344,3036
50000,1,2,2,47,0,0,0,0,0,0,91481,47099,47486,24769,23029,23495,3956,1365,848,1000,1000,1000
40000,2,3,1,43,0,0,0,0,0,0,38257,38901,38103,36207,33138,31339,1700,1504,1200,1500,1500,1000
30000,1,1,2,28,-1,-1,-1,-1,-2,-2,598,0,950,0,0,0,0,950,0,0,0,0
200000,1,1,2,38,-2,-2,-2,-2,-2,-2,0,0,0,0,0,0,0,0,0,0,0,0
280000,1,1,2,28,-2,-2,-2,-2,-2,-2,10296,1820,0,5970,8628,2036,3543,1195,5970,8628,2306,768
20000,2,3,2,37,2,2,2,2,0,0,12443,13947,14331,12495,12787,13583,2000,902,500,500,1000,700
300000,2,2,1,33,0,0,0,0,0,0,62951,64491,65692,64969,67771,66428,4007,5000,5000,6000,6000,6000
50000,1,2,1,42,0,0,0,0,0,2,35892,32546,30660,31320,36227,35569,2007,2000,1500,5400,0,3000
10000,2,1,1,27,2,0,0,0,0,2,4920,5937,6945,7088,8108,8264,1256,1264,407,1291,435,0
240000,2,2,1,32,0,0,0,0,0,0,53286,16920,12869,14497,12262,8331,8000,1500,5000,1000,3000,2666
50000,1,1,2,32,0,0,0,-1,0,0,20542,10858,0,777,793,26793,1411,0,777,16,26000,1000
60000,1,1,1,38,2,0,0,0,2,2,30013,31226,32396,34657,35456,34736,2000,2000,2800,1500,0,1500
20000,1,2,2,40,-1,-1,0,0,0,0,1261,11839,9610,7004,10614,10433,11839,1266,1000,5000,209,0
240000,1,1,2,34,0,-1,2,-1,0,0,18825,12675,2880,13267,10036,24731,12880,0,13267,2000,15000,0
110000,1,3,1,45,0,0,0,0,0,0,66820,36002,37484,38935,40633,41393,4400,3900,3900,4000,3100,1600
320000,2,2,2,30,0,0,0,0,0,0,97541,99815,103701,106195,106946,109228,3900,5500,5700,4000,4000,4000
170000,2,2,1,42,0,0,0,0,0,0,37772,38862,39914,40559,41953,42210,2000,2000,1610,2200,1600,1600
270000,1,3,1,32,3,2,0,0,0,0,150616,146262,149449,150893,153878,157324,0,7100,5500,6000,6000,5100
50000,2,2,1,27,2,2,0,0,0,0,49882,44110,44443,19522,19775,20325,0,1280,662,837,1000,1120
50000,1,3,2,24,0,0,0,0,0,0,40751,30786,30285,14225,12668,10880,1627,3053,2005,550,400,1000
150000,2,1,2,25,-1,-1,-1,2,2,-2,2784,0,594,594,0,0,0,594,0,0,0,0
80000,2,1,1,37,-1,-1,-2,-2,-2,-2,1330,0,0,0,0,0,0,0,0,0,0,0
240000,2,2,1,28,1,2,2,2,0,0,210333,206332,214981,194817,186895,168541,0,12014,0,5307,5001,4505
200000,2,2,1,29,0,0,0,0,0,0,81568,81876,82617,83284,64520,54178,3500,3000,2500,3000,2000,2000
360000,1,5,1,34,0,-1,-1,-1,0,-1,30447,9428,11704,19036,41147,53733,10052,11767,20036,22207,54981,2227
450000,2,1,1,69,-1,-1,-1,-1,-1,-1,2000,0,1173,0,6265,2374,0,1173,0,6265,2374,708
180000,2,1,2,28,0,0,0,0,0,0,131007,131632,136239,138116,135246,130436,5000,7000,6500,5000,5000,5000
200000,1,2,2,29,0,0,0,0,0,2,7468,34399,36792,49648,33498,30895,30035,10008,15011,5010,153,14100
100000,2,1,2,29,1,2,2,2,0,-1,6266,2366,7042,780,390,390,0,5000,0,0,390,1320
20000,2,2,1,43,1,2,3,2,2,2,11501,12998,13492,12978,13962,13595,2000,1000,0,1200,0,3000
20000,1,2,3,35,1,-2,-2,-2,-2,-2,0,0,0,0,0,0,0,0,0,0,0,0
250000,2,2,1,31,1,-2,-2,-1,-1,-1,0,0,0,1000,0,1013,0,0,1000,0,1013,0
170000,2,2,1,39,0,0,0,2,0,0,114007,117677,124636,121232,124199,129346,7000,10500,0,5000,11000,4500
90000,1,3,1,48,1,2,2,2,2,2,77604,73317,71334,67009,63228,59378,1700,4000,1600,1600,1500,4086
30000,2,3,2,26,0,0,2,0,0,0,30467,30403,30546,30255,30096,30353,2173,1613,1453,946,997,1118
110000,2,2,1,25,-1,4,3,2,3,2,96343,93959,91624,96190,95233,97760,0,0,7000,1500,4200,3500
200000,2,1,2,38,-2,-2,-1,0,0,0,0,0,69084,71857,72755,34125,0,69084,3450,2348,1486,30000
50000,2,3,1,39,0,0,0,0,0,0,49575,48208,47619,19929,15693,13766,2067,3000,1171,2000,2000,2500
210000,2,1,2,38,-2,-2,-2,-2,-2,-2,0,0,0,0,0,0,0,0,0,0,0,0
490000,1,1,1,35,0,0,0,0,0,0,23396,19454,17195,15691,14466,13908,1207,1107,507,1507,1500,3615
140000,2,3,1,42,2,2,2,2,2,0,47556,48802,47722,50411,49473,50649,2300,0,3800,0,2000,2000
350000,2,1,2,36,-2,-2,-2,-2,-2,-2,3272,6968,0,0,0,0,7008,0,0,0,0,0
50000,2,2,1,44,0,0,0,0,0,0,27321,24726,22581,20192,18813,17328,1415,1500,700,700,629,488
50000,2,3,2,44,2,0,0,2,2,2,23268,24377,27164,26429,28291,27702,1500,3500,0,2300,0,1500
20000,1,2,2,26,-1,-1,-2,-2,-2,-2,70,-620,-620,-1400,0,0,0,0,0,1400,0,0
200000,1,1,1,67,1,-2,-2,-2,-2,-2,0,0,0,0,0,0,0,0,0,0,0,0
80000,1,2,2,26,0,0,0,0,0,0,76304,78680,79897,27950,28579,29138,4203,3900,1200,1230,1230,1000
50000,2,2,2,30,0,0,0,0,0,0,49129,49102,49049,41876,29158,29493,1833,1804,1494,1031,1062,1092
500000,2,1,1,38,1,-2,-1,-1,-2,-1,0,0,2331,0,0,2199,0,2331,0,0,2199,0
310000,1,2,1,40,-1,0,0,0,0,0,12295,13440,30944,31594,30454,29246,2000,20000,2000,2000,2000,210759
110000,2,2,2,31,0,0,0,0,0,0,98531,99593,100093,90437,75701,77013,3577,3680,3030,2701,2674,2669
80000,1,2,1,41,-2,-2,-2,-2,-2,-1,3153,1013,0,0,2115,4264,1013,0,0,2115,4264,0
360000,2,2,2,28,0,0,0,0,0,0,264971,257086,253407,259551,265149,340930,9043,8847,10000,10000,80016,15000
100000,2,1,2,33,0,0,2,0,0,0,90825,97242,94407,95124,96354,64168,8800,0,2951,2300,7174,2700
180000,2,3,1,43,-1,-1,-1,-1,-1,-2,780,0,390,780,0,0,0,780,780,0,0,0
90000,2,3,1,25,0,0,0,0,0,0,80603,73487,70581,67336,67069,67890,2827,2370,2300,2300,2700,2700
150000,2,2,1,35,0,0,0,0,2,0,39883,41045,41701,40699,25218,9340,1806,1462,2000,0,2000,44
290000,2,2,2,43,-1,0,0,0,0,0,170373,168738,103299,104583,106447,104045,5007,3500,3500,4000,4000,5000
280000,2,1,2,31,-2,-2,-2,-2,-2,-2,326,326,0,326,652,0,326,0,326,652,0,652
230000,2,1,2,46,-1,-1,-1,-1,-1,-1,699,699,699,999,1149,849,699,699,999,1149,849,999
350000,2,2,1,31,0,0,0,0,0,0,67648,68557,63179,57987,53948,39965,3039,2047,1750,1703,1721,784
20000,2,2,1,29,2,2,2,0,0,0,18985,20271,19658,20086,19630,19627,3100,0,1600,400,393,270
90000,2,2,1,26,0,0,0,0,-1,-1,47121,49332,47590,50000,780,0,3000,2000,3000,780,0,2808
30000,1,2,2,28,-1,-1,-1,-1,-1,-1,29617,4096,2058,540,13056,1690,4096,2064,540,13056,1690,16964
360000,2,2,1,40,-2,-2,-2,-2,-2,-2,8736,969,6083,9852,27210,1765,974,6120,9901,27352,1768,2111
380000,1,1,2,27,-1,0,0,0,0,0,73903,66541,58665,43837,72069,61925,2924,2555,1515,37056,2413,1522
80000,2,3,1,62,0,0,0,0,0,0,36088,37257,36288,37630,26424,27342,2100,2100,2400,1100,1500,1500
20000,1,2,2,25,0,0,0,0,0,0,17286,18199,18559,19068,19053,16500,1594,1344,1243,618,579,778
110000,2,3,3,37,2,0,0,0,0,0,67930,64654,63389,60021,58660,59891,2293,2255,2139,2097,2174,2200
400000,2,1,1,31,-1,-1,-1,-1,-1,-1,5581,2833,1162,325,325,325,2833,1162,325,325,325,325
360000,2,2,2,34,0,0,0,0,0,0,122193,109382,109845,105271,96644,94973,5004,4031,3082,7018,2755,1813
50000,2,2,2,25,0,0,0,0,-2,-2,18734,19340,10000,0,0,0,1340,1000,0,0,0,0
360000,1,1,1,29,0,0,0,0,0,-1,55104,52585,45914,8835,3421,2391,2094,1760,204,17,2403,0
20000,2,2,2,45,2,0,0,0,0,2,13696,15156,16183,16893,18200,17769,2000,1574,1284,1591,0,644
30000,1,1,2,27,0,0,0,0,-1,-1,18239,17963,18425,1183,2000,0,2000,3000,300,3000,0,0
300000,2,2,2,48,-2,-2,-2,-2,-2,-2,6301,0,2417,470,4690,0,4126,2417,470,4690,0,18774
120000,2,2,2,30,0,0,0,0,0,0,116887,117419,116281,117392,117791,112505,4615,7175,4529,4625,4029,4237
50000,1,2,2,39,1,3,2,2,2,2,50180,49089,48935,18243,20285,17175,0,1266,0,2301,0,748
330000,2,2,1,41,1,2,2,2,2,2,289884,283863,301265,306752,313710,309446,0,22200,12000,12000,978,23500
60000,1,3,2,24,-1,0,0,0,0,0,15527,16882,18190,27465,27643,27816,2000,2000,10000,991,1010,989
30000,2,2,2,33,1,2,0,0,0,0,31089,10989,11997,12397,13043,13325,0,1200,600,1000,650,650
50000,2,2,1,36,0,0,0,0,0,-2,9214,10359,7350,7500,0,0,1351,1500,150,0,0,0
430000,1,3,1,36,0,0,0,0,0,0,35488,39897,48916,52021,27796,29340,5000,10000,4000,1500,2000,2000
200000,1,2,1,39,-1,-1,-1,-1,-1,-1,326,326,326,326,326,326,326,326,326,326,326,326
100000,1,1,2,27,0,0,2,2,2,2,36014,39321,39145,39494,39896,28256,4200,900,1400,900,6440,500
70000,2,2,1,40,1,2,2,0,0,0,56922,60047,56884,57717,26342,26342,5500,0,2723,1062,936,943
160000,2,2,1,51,0,0,0,2,0,0,67610,69908,78087,75255,78593,59816,4000,10000,0,5000,3000,3000
50000,1,1,2,34,0,0,0,0,0,0,20613,28018,22744,18484,16378,13352,10000,10000,1500,3000,2803,5000
30000,2,1,2,24,-2,-2,-2,-2,-2,-2,0,0,0,745,0,0,0,0,745,0,0,930
300000,2,3,2,33,-2,-2,-2,-2,-2,-2,0,0,0,0,0,0,0,0,0,0,0,0
20000,1,2,1,41,-1,-1,-1,-1,-1,-1,9598,0,2889,0,1448,0,0,2889,0,1448,0,0
300000,2,1,1,47,-1,-1,-1,-1,-1,-1,514,2392,148,148,148,0,2392,148,148,148,0,747
180000,2,1,2,56,-2,-2,-2,-2,-2,-2,0,0,1829,-200,0,4208,0,1829,998,200,4208,0
110000,2,1,1,30,0,0,0,0,0,0,49069,14241,15205,16267,53869,54138,1600,1500,1400,38002,1415,1010
210000,2,2,1,32,-1,0,0,0,2,0,164015,155235,151267,149478,145041,107495,9320,4894,3301,3,4994,116880
110000,2,2,1,28,0,0,0,0,0,0,20186,19678,18145,17729,17239,10231,1300,1500,1200,467,400,500
50000,1,1,2,24,0,0,2,0,0,0,30011,35743,34435,30859,27429,24222,7000,416,3000,3000,3000,3000
400000,2,2,2,29,-1,0,-1,-1,-1,-1,19532,3719,1453,4944,1896,2486,3127,1469,4968,1905,2494,862
20000,2,2,2,25,2,2,2,0,0,0,16923,20319,19543,19534,19320,12442,4000,0,391,386,249,0
150000,2,2,2,29,-1,-1,-1,-2,-1,-1,1739,1984,112,0,3865,5562,1984,112,0,3865,5575,10963
210000,2,2,2,37,0,0,0,0,0,0,31090,58054,44624,43339,44245,45125,28008,15000,1552,1605,1615,1698
80000,1,1,2,27,-1,-1,-1,-1,-2,-1,6544,4924,1990,0,0,4350,4924,1990,0,0,4350,0
50000,1,1,2,25,0,0,0,-2,-2,-2,50401,46275,0,0,0,0,5000,0,0,0,0,0
50000,2,2,2,37,0,0,0,0,0,0,67570,61248,54707,29250,29905,29519,3000,3000,2100,1500,1300,1200
200000,1,2,1,41,1,2,2,2,2,-1,11201,1383,976,1126,563,413,980,0,563,0,413,2513
20000,1,2,2,30,1,2,4,3,2,2,19977,21359,20581,19860,19690,1735,2000,0,0,0,500,0
120000,2,2,2,26,0,0,0,0,0,0,34183,22431,12399,4199,3059,674,1700,1500,1000,682,0,0
250000,1,2,1,32,-1,-1,-2,-1,0,0,79319,0,0,174749,171541,175042,0,0,174749,0,3501,146794
50000,2,1,2,23,0,0,0,0,0,0,45345,46403,38343,32214,17292,7501,2010,2046,1866,310,300,483
20000,2,2,2,52,0,0,0,0,0,0,18652,18506,18849,19917,19087,19588,1300,1500,1500,500,1380,385
20000,1,2,1,39,2,2,2,2,2,2,20591,20284,20645,20750,20300,20482,1500,1000,718,3,1800,0
180000,2,1,2,25,1,2,0,0,0,0,41402,41742,42758,43510,44420,45319,1300,2010,1762,1762,1790,1622
180000,2,4,2,29,-2,-2,-2,-2,-2,-2,0,0,0,0,0,2150,0,0,0,0,2150,0
190000,1,2,1,48,0,-1,0,0,0,0,6450,189102,189018,175871,157218,151618,189717,7779,6092,5018,6168,1218
280000,1,1,1,42,0,0,0,0,0,0,173092,160948,146106,97334,91671,81030,5853,4422,3138,2817,2927,2334
300000,2,2,1,50,0,0,0,0,0,0,23436,22055,18497,8426,11291,14449,1350,2008,301,3000,5000,5000
140000,2,2,1,27,0,0,0,0,0,0,126771,132730,124689,105447,106704,97725,10000,5000,5000,5000,5000,5000
110000,2,2,1,37,0,0,0,0,0,0,95986,189688,93984,91983,90129,89925,4300,5000,4109,3100,3322,3472
140000,1,2,1,28,-1,-1,-1,2,-1,-1,6007,7332,7983,3277,2964,4791,7340,7983,0,2964,4800,2353
180000,2,1,2,32,-1,-1,-1,-1,0,-1,1160,2884,1165,4685,1165,3472,2889,1165,4685,0,3472,799
20000,1,2,2,25,0,0,0,0,0,0,18193,18804,19324,18692,16035,12262,1800,1200,559,532,424,620
350000,2,2,2,34,0,0,0,0,0,0,19202,16576,16801,15238,10267,9578,1300,2000,1500,1000,1500,2500
200000,2,3,3,45,-1,-1,-1,-1,-1,-1,4430,7182,3855,3411,6788,9921,7193,3855,3411,6788,9921,5016
80000,1,2,1,44,0,-1,0,0,0,0,1245,26343,22120,21365,20967,48250,27279,3200,1200,1000,29000,1500
30000,2,2,1,37,0,0,0,2,2,2,26168,27442,30165,29383,32739,33143,2000,3500,0,4000,1150,1000
230000,1,1,2,30,1,-2,-2,-2,-1,-1,0,0,0,0,625,514,0,0,0,625,514,3
200000,2,1,2,39,-1,-1,-1,-1,-1,-1,7475,15540,3889,10496,31948,33016,15617,3927,10549,32108,33181,8910
160000,2,2,1,36,-1,-1,-1,-1,-1,-1,2511,2242,6109,2500,2689,0,2242,6745,2500,2689,0,0
130000,1,3,1,38,1,-2,-2,-2,-2,-2,0,0,0,0,0,0,0,0,0,0,0,0
50000,1,2,2,24,1,2,2,2,2,2,25932,24924,22599,24613,23922,25481,1800,0,2700,0,2100,0
20000,1,2,2,56,5,4,3,2,2,-2,19977,19375,18405,17680,18000,19000,0,0,0,1500,1000,1000
110000,1,2,1,42,1,2,0,0,2,2,45461,44434,45395,50402,50217,48199,0,1980,5987,2000,1,3027
40000,2,2,1,47,2,2,2,2,0,0,31121,30343,34021,33177,33870,34537,0,4514,0,1378,1382,1427
100000,1,1,2,27,-1,2,0,0,0,0,17553,10628,5836,6746,7889,0,0,1000,2000,3323,0,0
390000,2,1,1,49,-1,-1,-1,-2,-2,-1,15026,13357,0,0,0,100000,13357,0,0,0,100000,39268
500000,2,2,2,34,0,0,0,0,0,0,367463,287148,262173,90450,9685,-39046,10584,30232,3018,1335,30000,10000
80000,2,2,2,35,0,0,0,-1,-1,-1,48725,53095,56858,4849,4849,4849,10000,10000,4849,4849,4849,4849
120000,1,2,1,26,0,0,0,0,0,0,101215,100685,15452,12491,3550,2729,5006,2000,3010,1000,2000,1391
20000,1,2,2,33,0,0,2,0,0,0,18271,19857,19090,18500,4860,4080,2967,0,0,0,0,0
420000,2,1,1,45,1,-1,-1,-1,-1,0,0,23621,29042,35000,292962,247622,23621,29052,35000,292962,0,606
510000,1,3,2,31,1,-1,0,0,0,0,0,14370,17023,9706,7271,9551,14370,3500,2500,1380,2380,3000
220000,2,2,2,30,-1,-1,-1,-1,0,0,596,892,7681,11642,23030,22449,892,7681,20000,20000,0,0
50000,2,3,1,59,0,0,0,0,0,0,47822,36488,36811,13234,11543,10751,2009,2000,556,378,619,5000
200000,2,1,2,29,-1,-1,-1,-1,0,0,3655,3036,3423,7403,4896,3185,3084,3475,7417,108,18,8424
330000,2,1,2,34,-1,0,-1,0,0,0,203,1558,39927,53430,44798,40341,1503,40003,15000,0,0,25017
50000,2,3,1,42,0,0,0,0,0,0,44332,25913,19057,18788,18108,15256,8802,1500,2000,1000,2000,2000
30000,2,1,2,25,0,0,0,0,0,-2,3924,4972,5873,5993,0,0,1099,1000,120,0,0,0
70000,2,3,1,39,0,0,0,0,0,2,124493,125680,129498,131216,136744,133413,4800,5900,6000,9200,0,4859
140000,2,1,1,34,-1,-1,-2,-2,-2,-1,2574,0,0,0,0,840,0,0,0,0,840,1380
30000,2,2,2,23,1,2,0,0,0,0,33181,32359,33849,34522,33501,32129,0,2000,1389,1068,3000,2508
220000,2,1,2,31,-1,-1,-2,-2,-2,-1,232,0,0,0,0,500,0,0,0,0,500,0
50000,1,2,2,33,0,0,0,0,0,0,53282,50936,49911,19817,20492,20365,3000,2300,715,1000,878,1000
320000,1,2,1,45,-1,-1,-1,-1,-1,-1,1471,5184,4144,6290,977,-23,5318,4160,6296,977,23,0
180000,1,1,1,49,0,0,0,0,0,0,63444,65420,67722,70970,72670,76444,3000,4000,5000,3000,5000,5000
150000,1,2,1,35,0,0,0,0,0,0,125063,118843,137751,141330,146389,132617,10050,30000,5000,6088,5150,10000
120000,1,1,1,41,-1,-1,-2,-1,0,-1,416,0,0,832,416,416,0,416,1248,0,416,0
420000,2,2,2,32,0,0,0,0,0,0,476396,470185,481811,473498,368338,348300,16007,19031,17014,12121,20014,11014
120000,2,3,2,50,2,0,-1,0,0,0,149301,149540,118675,120047,100637,79613,3000,125000,4065,4000,3000,3000
280000,1,1,1,45,-1,-1,-1,-1,-1,-1,2270,1703,-15,30943,15631,17508,1703,0,30958,15631,17508,10049
160000,1,2,1,60,0,0,0,0,0,0,18056,19385,20093,20643,20920,21336,1626,1334,884,758,763,942
50000,1,2,2,28,1,2,2,2,0,0,9500,7913,9572,9281,8835,9038,0,1800,0,400,350,400
200000,1,1,2,30,3,2,2,-1,-1,0,1130,566,0,560,558,558,0,0,560,558,0,0
150000,2,2,1,37,0,0,0,0,0,0,40680,44960,45976,46890,47873,48833,4960,1765,1679,1739,1757,1795
30000,2,2,2,23,0,0,0,0,2,0,19769,24285,26143,26929,19610,20591,5896,3002,2130,2,3004,8013
150000,1,2,2,28,1,2,0,0,0,0,155963,148095,143845,132677,86265,88390,12,8000,5300,3500,5000,4000
30000,1,1,2,56,2,0,0,0,0,0,27033,27772,28740,29313,29019,28916,1480,1448,1021,1040,1216,1270
100000,2,1,2,28,0,0,0,0,0,0,20068,21226,22573,23596,24068,24679,1800,2000,1400,863,1000,2000
20000,1,2,2,24,-1,-1,-1,-1,-1,-1,780,0,390,390,780,0,0,390,390,780,0,0
50000,1,2,2,36,4,3,2,0,0,0,51689,50567,48454,49843,51355,29276,3,0,2183,2695,29276,4
150000,1,1,2,32,-1,-1,-1,-1,2,-1,994,10168,-4,5515,3673,6106,10290,0,5519,3,6134,3779
100000,2,2,1,46,0,0,0,0,0,0,98200,74247,71635,72809,74100,75316,3228,3000,2743,3000,3000,3000
500000,1,1,1,46,-2,-2,-2,-2,-2,-2,11100,16966,10000,14218,62208,83611,16966,10000,14218,62500,83611,61880
50000,2,3,2,23,0,0,0,0,0,2,34364,34212,33886,32929,34549,33458,1861,2004,1324,3768,1,1141
290000,2,1,2,32,-2,-2,-2,-2,-2,-2,1485,299,0,0,440,0,299,0,0,440,0,0
30000,2,2,1,31,0,0,2,0,0,0,29493,19433,18782,19006,19637,21251,3200,0,742,1000,2000,0
50000,2,1,2,26,-1,-1,-1,-1,-1,-1,750,0,3116,302,0,5778,0,3116,302,0,5778,200
20000,2,3,1,45,0,0,0,0,-1,-1,16392,16367,12426,11449,341,20875,2000,2426,1000,407,21769,793
50000,2,3,1,42,3,2,2,0,0,0,34542,30557,29577,29529,28276,28768,1000,1000,1000,1000,1000,1000
50000,2,3,2,43,-1,-1,-1,-2,-2,-2,150,809,-60,-210,-360,-510,809,0,0,0,0,0
30000,1,3,2,27,0,0,0,0,0,0,29584,25645,24564,25823,26269,26335,3000,2000,2000,2500,3000,2500
140000,2,3,1,39,0,0,0,0,0,0,73166,66565,76412,70091,63279,56854,3112,20000,3043,2359,2187,1706
230000,1,2,2,27,0,0,0,0,0,0,147530,150313,146464,144227,133638,136605,6800,6707,10038,4782,5119,5632
60000,2,1,1,38,1,-1,3,2,-1,-1,0,780,780,390,390,390,780,0,0,390,390,87
20000,2,3,1,41,0,0,0,2,2,2,7478,8497,10162,9852,10418,10102,1146,1811,0,876,0,374
200000,2,3,1,27,1,2,2,2,3,4,104307,101788,110000,115000,120000,127640,0,10000,5000,5000,7661,6608
130000,1,1,2,36,0,0,0,0,-2,-2,127790,128272,6230,0,0,0,6000,1400,0,0,0,0
140000,2,5,2,36,0,0,0,0,0,0,91226,83650,80037,53055,102587,98251,4182,4000,4000,98000,4000,3500
420000,2,2,1,46,0,0,0,0,0,0,254275,249677,232028,233055,191518,192313,10004,11020,10238,10022,7000,6000
500000,1,1,1,45,-1,-1,-1,-1,-1,-2,140,94,39,44,0,0,94,39,44,0,0,790
150000,1,2,1,25,-1,-1,-1,-1,-1,-2,890,-180,101,480,0,0,0,281,600,0,0,0
220000,2,1,2,36,-2,-2,-2,-1,2,0,637,0,0,300,300,728,0,0,365,0,578,198
350000,1,3,1,44,-1,-1,-1,-1,-1,-2,2161,7230,3301,4301,15,684,7426,3306,4301,15,684,2713
140000,1,1,2,32,0,0,0,0,0,0,83768,79736,76167,66410,71150,75781,5000,6029,8000,6000,6000,3000
10000,1,3,2,41,0,0,-2,-2,-1,-1,10400,0,0,0,400,0,5275,0,0,400,0,2400
400000,1,2,2,44,0,0,0,0,0,0,6902,7904,7566,7716,7722,7890,1216,1213,363,219,234,159
100000,1,1,1,55,0,0,0,0,0,0,18135,31498,17158,18758,17168,0,2000,4000,2000,3000,0,0
400000,2,1,2,35,-2,-2,-2,-2,-2,-2,4238,4329,6888,3519,77,927,5000,7013,3600,1500,1000,1000
220000,2,2,2,32,0,0,0,0,0,0,93682,96466,99009,100462,102614,104806,4337,5000,4000,3824,4000,4000
130000,1,2,2,32,0,0,0,0,0,0,65599,63875,57122,56003,57992,61049,3000,3000,4000,4000,4000,5000
80000,2,2,2,29,0,0,0,0,0,0,70810,72231,73953,69366,57435,39322,3200,3501,2500,2000,2000,1000
50000,1,1,1,38,0,0,-2,-2,-2,-2,12650,0,0,0,0,0,0,0,0,0,0,0
170000,1,1,1,38,-1,-1,-1,-1,-1,-1,2430,2430,2430,2430,2430,2430,2430,2430,2430,2430,2430,2599
140000,1,1,2,32,-1,-1,2,2,2,-1,9556,6434,5413,5841,5215,8671,3000,0,5000,0,8671,7000
300000,2,2,1,50,-2,-2,-2,-2,-2,-2,882,0,0,0,0,0,0,0,0,0,0,0
60000,1,1,1,37,0,0,0,0,0,0,57985,59312,27420,27965,28552,29276,2550,1500,1001,1038,1200,1233
50000,1,2,2,26,1,-2,-2,-2,-2,-2,0,0,0,0,0,0,0,0,0,0,0,0
20000,1,3,1,29,0,0,0,0,0,0,14576,16318,17388,17850,17737,27240,2000,1354,2113,1000,1000,1000
20000,1,1,2,39,2,0,0,0,0,0,16869,17895,18939,19150,19549,20073,1606,1650,823,857,1000,400
200000,2,1,2,43,-2,-2,-2,-2,-2,-2,-109,-109,-109,-109,-109,-109,0,0,0,0,0,0
40000,2,2,1,29,-1,0,0,-2,-2,-1,8801,9544,0,0,0,7922,1000,0,0,0,7922,158
70000,2,2,2,33,0,0,0,0,2,0,62209,64072,64802,66647,50690,50806,2900,2379,4466,2,1836,1846
200000,2,1,2,35,-2,-2,-2,-2,-2,-2,441,0,3514,4042,8606,1870,0,3514,4042,8606,1870,10332
60000,1,1,2,28,0,0,0,2,2,2,30567,31274,34455,35094,34233,36521,1519,3700,1500,0,3000,0
200000,1,2,1,32,-1,-1,0,0,-1,-1,80,89691,91517,72739,389,389,90001,3935,3759,390,390,390
190000,1,2,2,33,0,0,0,0,0,0,176028,166336,162100,155584,157988,154366,7063,8004,5500,7000,6000,5000
150000,2,1,2,40,0,0,0,2,0,0,16986,18693,20885,21738,22080,23558,2000,2500,1500,1000,2000,2000
50000,1,2,2,23,2,2,0,0,0,0,51246,49758,48456,44116,21247,20066,8,2401,2254,2004,704,707
80000,1,2,2,48,0,0,0,0,0,0,74349,75524,77448,48108,39104,39526,3400,4000,2000,2000,1423,2200
50000,1,2,1,41,0,0,0,0,0,0,43607,45375,46836,48635,19373,20129,2500,2500,3000,1500,2000,3000
50000,2,1,2,29,0,0,0,0,0,0,28889,21803,20990,16236,9759,8789,1368,1330,1160,330,314,364
300000,2,1,2,31,0,0,0,0,0,0,32608,39029,38177,54867,66276,78169,20018,6028,25030,20023,20000,10000
50000,1,3,2,26,1,2,3,2,0,0,48560,52047,50597,20378,18344,19618,4570,0,0,2000,2000,341
160000,1,2,1,27,0,0,0,0,0,-2,112022,85788,67093,30166,0,0,4342,4017,2190,3990,0,0
500000,1,1,2,39,-1,-1,-1,-1,0,-1,83528,-24702,23804,92715,6655,3966,472,113935,108041,33,3984,2122
100000,1,2,2,43,0,0,0,0,0,0,103601,105282,83616,67825,66756,57075,5088,3098,5010,3038,4031,3000
200000,2,3,1,36,1,-2,-2,-1,-1,-1,-5,-5,-5,2999,4804,4402,0,0,3004,4804,5008,169
290000,2,1,2,29,1,-2,-2,-2,-2,-2,0,0,0,0,0,0,0,0,0,0,0,0
240000,2,2,2,59,0,0,0,0,0,0,230026,239796,231230,196471,190004,161867,20000,12000,7000,8000,6000,6205
300000,2,2,2,42,0,0,0,0,0,0,113308,109901,108659,110781,107833,104466,5400,5800,6000,7000,5000,5000
50000,1,3,1,38,-1,-1,-1,-1,-1,0,9536,0,1261,1261,2522,1261,7014,1261,1261,2522,0,780
110000,2,2,2,28,0,0,0,0,0,0,79573,81449,83241,84960,86045,88060,3800,4000,4000,3400,3400,7000
60000,2,1,2,25,0,0,0,0,0,0,59228,59961,59824,47655,27298,28303,2300,3572,2169,6000,4000,4000
280000,2,2,2,30,0,0,0,0,-1,-1,61282,53394,17644,0,5468,0,7900,4157,0,5468,0,330
360000,1,1,1,37,0,0,0,0,0,0,68438,71287,73406,74397,75467,79841,4000,3009,3509,3500,5000,5019
270000,2,4,2,29,1,-1,-1,-1,-2,-1,-9,3265,6125,0,0,29961,3274,6129,0,0,29961,6216
430000,1,1,1,35,-2,-2,-2,-2,-2,-2,0,0,0,0,0,2178,0,0,0,0,2178,2125
10000,1,2,2,29,0,0,0,0,0,0,9893,8694,8365,9526,9711,9764,1125,1146,1307,492,357,901
150000,2,2,2,30,0,0,0,2,2,2,61785,63150,68125,66432,73312,72015,3000,6000,0,8023,0,5700
360000,2,1,2,28,-1,-1,-1,-1,0,0,9626,11684,18144,57687,49519,53478,15023,18500,57697,11000,15000,5000
80000,2,2,2,24,-2,-1,-1,-1,0,0,2530,3041,6603,1483,1485,4665,3055,6622,1483,2,4683,1700
50000,1,2,1,25,1,-1,0,0,0,0,-8,37230,10496,3614,2254,1494,18631,1000,0,0,0,0
60000,2,2,1,28,1,2,2,2,2,2,61474,59121,63389,60919,57800,58698,0,5229,18,3779,1764,0
250000,1,1,2,29,0,0,0,0,0,0,240725,200603,150035,145876,100971,50333,10022,7004,5414,2500,1010,48440
60000,1,2,1,37,1,2,3,4,4,3,22007,24360,26647,27912,26889,29140,3000,3000,2000,0,3000,3000
80000,1,3,1,59,0,0,0,0,0,0,78651,80199,82036,82031,81535,81586,3454,3725,3722,3228,3281,3374
50000,2,2,1,46,0,0,0,-2,-2,-2,28718,29166,0,0,0,0,1000,0,0,0,0,0
90000,1,1,2,52,0,0,0,0,0,0,91671,91656,87106,48730,27535,27751,4508,5110,2000,3000,1000,3000
120000,2,1,2,31,-1,-1,-1,-1,-1,-1,325,325,325,325,325,1866,325,325,325,325,1866,325
50000,1,3,2,39,0,0,-1,-1,2,0,34617,34390,810,19009,18035,18364,1000,810,51000,0,1000,1000
290000,1,1,1,43,0,0,0,0,0,0,294475,295310,290951,237255,241778,236917,12021,11212,8503,9047,9003,10014
170000,2,2,1,43,0,0,0,0,0,0,51054,52127,52651,53851,53095,54316,2489,2000,2048,1927,2104,2071
20000,1,2,2,28,0,0,0,0,0,0,8814,10167,21774,10707,10539,10757,1500,1200,378,389,400,600
90000,2,2,2,29,0,0,0,0,0,0,89068,83890,77489,46544,48266,49926,4073,5021,3000,3000,3000,2000
50000,1,3,2,47,0,0,0,0,0,0,15019,16026,17257,41868,23201,18623,1263,1494,25105,728,651,624
500000,1,1,1,31,0,0,0,0,0,0,400780,408982,373137,316654,324049,294926,30000,25025,20000,15010,20000,0
50000,2,5,1,33,0,0,0,0,0,0,43268,39605,39702,39200,40000,0,2011,2000,1000,800,0,0
140000,2,2,2,24,-1,-1,-2,-1,-1,-2,197,0,0,233,0,0,0,0,233,0,0,0
200000,1,2,2,32,2,2,2,2,2,2,88808,86484,92504,90120,93629,96980,0,7421,0,5000,5000,5000
30000,2,5,2,22,0,0,0,0,0,-2,24979,26418,26791,14500,0,0,1859,1232,1040,0,0,0
50000,2,2,3,49,0,0,0,0,0,2,45681,14657,9677,8826,10177,9865,1209,1300,350,1500,0,300
50000,1,2,3,53,0,0,0,0,0,-1,49170,49446,36445,24788,24967,28652,2009,2500,1000,1500,28939,1200
150000,2,2,2,24,0,0,0,0,0,0,108924,109705,108748,108116,108951,109901,4000,5500,4000,4100,4300,4000
110000,1,2,1,32,0,0,0,0,0,2,110198,107710,83913,47369,48905,46046,3851,3021,1649,3513,0,1664
290000,1,1,2,29,-1,-1,-1,-1,0,0,783,2830,1357,14959,13459,115990,2838,1359,14968,2022,110142,205
80000,2,1,1,50,1,-2,-2,-2,-2,-2,0,0,0,0,0,0,0,0,0,0,0,0
30000,2,2,2,54,0,0,2,0,0,2,29230,30786,27167,27440,30117,29523,3500,0,3000,6000,0,781
120000,2,2,1,54,1,-2,-2,-2,-1,-1,-200,-200,-200,0,700,1935,0,0,200,700,1935,0
70000,2,3,2,29,-1,-1,2,0,0,0,24336,25510,24726,25377,24818,14978,3010,0,875,600,1000,600
320000,2,1,1,29,0,0,0,0,-1,-1,95322,98787,97996,27996,1712,-216,5000,2000,2000,2000,0,10000
430000,1,1,1,69,0,-1,-1,-1,-1,0,3658,1962,6591,854,44275,32731,1962,6591,1026,50000,0,3000
240000,1,1,1,33,0,0,0,0,0,0,167835,170978,172217,163786,81611,79817,7200,8400,7000,3000,2900,3100
150000,1,5,2,27,0,0,0,0,0,-2,133374,40283,49746,51500,0,0,10000,10000,2900,10000,0,0
50000,2,2,2,39,0,0,0,0,0,0,16729,17772,18419,18786,19187,17175,1620,1267,634,665,668,1000
260000,2,2,2,31,0,0,0,0,0,0,69957,72727,73562,65954,30948,0,3945,2764,5431,633,0,0
180000,2,1,2,26,-1,-1,-1,-1,-1,-1,17517,27856,16285,9632,15025,53941,28000,16370,9676,15098,54207,87358
170000,2,5,1,37,-2,-2,-1,-1,-1,-1,743,0,16474,4650,2359,0,0,16474,4650,2359,0,1977
150000,2,1,2,33,-2,-2,-2,-2,-2,-2,24393,26847,32702,33459,27800,2261,27007,32715,33475,27808,2261,169465
400000,2,3,1,37,0,0,0,0,0,0,76917,79075,81864,83747,85487,88315,4000,4000,3000,3000,4000,4000
20000,1,2,1,61,-1,2,-1,-1,-2,-1,1480,390,780,0,390,390,0,780,0,2000,1170,1320
360000,1,1,1,40,-2,-2,-2,-2,-2,-2,5772,11664,15390,7090,2115,20075,11694,10048,35,2126,21220,35114
80000,2,1,2,31,-1,-1,-1,-1,-1,2,14401,4374,15020,4233,5934,158,4374,15037,4233,6092,0,13391
200000,1,1,2,27,-2,-2,-2,-2,-2,-2,5105,7261,15191,8991,8986,8609,7261,15220,8991,8986,8609,8299
360000,1,1,2,30,-1,-1,-1,-1,0,0,9939,14212,44803,118712,34244,21269,14226,46012,129567,685,425,4137
640000,2,1,2,41,0,0,0,0,0,0,55645,56656,60185,59218,58963,58992,3000,5000,2300,2128,2125,2222
230000,1,2,1,41,0,0,0,0,0,0,226467,231187,231272,228653,225471,224853,10000,10500,10000,9000,8200,9000
160000,1,1,2,27,-1,-1,-1,-1,-1,-2,1111,1111,0,6795,0,0,1111,0,6795,0,0,0
80000,2,2,2,42,2,2,2,2,2,2,73981,76489,77611,78683,80315,81887,9625,3000,2900,3000,3000,0
270000,2,2,1,38,-1,0,0,0,-1,0,2974,3562,5061,5500,116681,119553,1071,2000,1000,116681,5000,4000
70000,1,2,2,32,0,0,0,0,0,0,66982,68817,60607,28622,24485,18419,3036,2264,858,797,814,2003
130000,2,2,2,26,0,0,0,0,0,-2,110922,113974,126194,17832,-3000,0,5000,15066,5007,0,3000,825
60000,1,2,2,49,0,0,0,0,0,0,81411,52017,35423,24023,20175,16137,38709,1609,661,656,1000,5000
360000,2,2,1,56,-1,-1,-1,-2,-2,-2,919,2374,-7,-7,-7,-7,2385,0,0,0,0,0
160000,2,3,1,49,-2,-2,-1,-1,-1,-2,741,6339,3334,3086,6959,5404,6339,3338,3090,6971,5410,1816
10000,1,2,1,50,0,0,0,0,0,-1,3664,4526,6880,8830,5550,6195,1300,3000,2509,0,6195,0
100000,2,3,1,46,2,2,2,2,2,0,42674,45983,46927,47759,46865,47930,4000,2000,1900,0,2000,4000
50000,1,2,1,43,0,0,0,0,0,0,25387,25435,23268,23365,19602,18462,1374,1418,1295,677,669,686
250000,2,2,1,39,-1,-1,-1,-1,-1,-1,8040,8099,45964,6496,11108,3321,8099,46224,6496,11108,3321,7154
30000,2,2,2,25,-1,2,2,0,0,0,4471,5747,5509,6260,7654,8522,1500,0,1000,1500,1000,800
170000,2,1,1,41,0,0,0,0,0,0,118379,120087,121958,123629,123605,123794,4294,4428,4326,4154,4345,9098
280000,2,2,1,38,0,0,0,0,0,0,242864,237821,223180,237301,201226,207802,11000,11000,20000,10000,10000,15000
210000,2,4,2,25,0,0,0,0,-2,-2,179248,21612,5259,-243,-243,-243,3151,2000,0,0,0,0
50000,1,2,1,42,0,0,0,0,0,0,12111,12911,13990,14356,14657,15013,1300,1300,600,532,600,494
110000,1,5,1,36,-1,0,0,0,0,0,3385,31169,50526,51816,34262,23366,28000,20000,3000,3000,3000,3000
60000,2,2,2,24,1,-1,3,2,0,-1,0,948,948,632,316,316,948,0,0,0,316,782
200000,2,2,1,39,1,-2,-1,-1,-1,-2,0,0,12888,2075,0,0,0,12888,2075,0,0,5051
50000,1,1,2,37,2,0,0,0,0,2,11533,12951,22339,22669,24121,23540,1612,10000,1000,1820,0,696
50000,1,3,1,40,-1,-1,-1,-1,-1,-1,1261,2522,170,1261,390,390,2522,170,1261,390,390,390
620000,2,1,2,31,0,0,0,0,0,0,569023,562316,475333,473182,481896,513798,23009,20004,20008,14000,35804,250005
170000,1,2,2,31,0,0,0,0,0,2,136330,173367,160847,87399,74761,67855,46000,10002,3046,5000,0,10000
120000,2,3,1,38,0,0,0,0,0,0,111098,114863,118038,118805,59210,61267,5600,6500,5000,3000,3000,3000
400000,2,1,2,28,-1,-1,-1,0,-1,-1,3299,6930,2375,1211,6661,517,6978,2387,1127,6694,519,593
160000,2,2,1,36,-2,-2,-2,-2,-2,-2,-20,-20,3640,2935,1603,14129,0,3660,3135,1650,14200,1500
170000,1,2,1,34,1,2,2,2,2,0,91450,90486,86004,64363,55912,54500,3400,0,3957,0,2200,1300
260000,1,3,2,43,0,0,0,0,0,0,154386,151549,158888,144169,151679,143995,10000,10000,10000,10000,8000,10000
50000,2,2,2,24,1,2,0,0,0,0,49469,42983,40307,17575,14691,14393,0,2199,1000,5000,2000,5000
50000,1,3,2,23,0,0,-1,-1,-1,-1,42821,6609,1600,5087,4270,7881,1008,1600,5087,4270,7881,1000
470000,1,2,2,32,-1,-1,-1,-1,0,0,19419,11006,15171,27319,31029,19211,11070,15202,27329,30203,33,16506
20000,1,2,1,51,0,0,0,0,0,0,14681,14777,15025,16504,17950,19558,1562,1200,2000,2000,2000,3000
50000,2,2,2,29,2,2,2,2,2,2,30715,29923,32700,28768,29639,28629,0,3304,4,2230,0,2009
120000,1,2,2,26,0,0,0,0,0,0,107314,110578,113736,116000,119131,122135,5000,5000,4152,5000,5000,5000
80000,1,1,2,28,0,0,0,0,0,0,49740,48501,48117,48502,48610,49650,2000,2000,2000,1800,1800,2000
180000,2,2,2,33,0,0,0,-1,-1,0,10083,11211,13669,316,120961,123355,1600,3316,316,120961,5000,3100
200000,1,3,1,41,0,0,0,0,0,0,171929,157860,145044,137480,6320,780,7000,8080,6000,0,0,0
80000,1,2,1,39,0,0,0,0,0,0,37712,38713,39750,40771,42087,43409,1626,1663,1684,2000,2000,2000
220000,2,2,1,40,-1,-1,-1,-1,0,0,1129,227,0,13137,13637,9744,227,0,13137,1500,214,0
150000,2,1,2,27,-1,-1,-1,-1,-1,-1,7310,4756,1919,8144,2969,8642,4756,1919,8144,2969,8642,0
50000,2,2,1,30,0,0,0,0,-2,-2,34811,30753,6680,0,0,0,2000,1000,0,0,0,0
50000,2,1,2,34,-1,-1,-1,-1,-1,-1,1884,1077,4886,3682,3190,2451,1077,5693,4255,3190,2451,4425
230000,1,1,2,43,-1,0,0,0,0,0,1156,10892,20039,29045,74551,92182,10000,10000,10000,1681,103197,3267
50000,2,2,1,43,0,0,0,0,-2,-2,17870,9230,10000,0,0,0,1500,1000,0,0,0,0
330000,1,1,1,57,-1,-1,-1,-1,-2,-1,3166,-206,3429,0,0,749,552,5726,0,0,749,799
140000,2,2,3,28,0,0,0,0,0,0,138901,140732,140661,100656,49783,49310,5600,5500,2650,36000,1000,620
150000,2,2,1,26,0,0,-1,-1,-2,-2,115786,123423,5250,0,0,0,10000,5250,0,0,0,0
500000,1,1,2,39,0,0,0,0,-1,-1,128068,143227,52196,43180,1095,856,20000,12000,0,1095,856,50000
130000,2,2,1,43,0,0,0,0,0,0,129099,130522,106158,97685,80733,82883,5008,6003,4000,3000,4870,3000
130000,1,2,1,39,0,0,0,0,0,0,88014,88951,90672,89252,91118,95105,3245,3217,3177,3286,4200,2500
300000,2,1,2,38,1,3,2,0,0,-1,10361,9692,3772,1919,316,2360,0,3,0,0,2360,0
340000,2,2,2,27,-1,-1,-1,-1,-1,-1,14745,9318,4794,7819,332,16516,9318,5343,7819,332,16516,5000
50000,1,3,2,25,-1,0,0,0,0,0,42838,37225,36087,9636,9590,10030,1759,1779,320,500,1000,1000
200000,2,2,1,42,-1,-1,-1,-1,-1,-1,1261,0,2521,6934,2255,3021,0,2521,6935,2255,3021,0
20000,1,3,2,26,-1,3,2,0,0,0,20780,20172,19400,20000,20000,0,0,0,1000,0,0,0
200000,1,2,1,32,-1,2,-1,0,0,0,9864,5114,499,499,499,0,0,499,0,0,0,0
50000,1,2,1,62,0,-1,0,0,0,0,51350,50350,49289,49058,47512,48930,50908,1800,1800,1800,2200,1774
30000,2,2,2,23,0,0,0,0,0,0,25287,26501,30300,25806,26149,25478,2011,5000,868,1092,3000,1500
90000,2,2,2,27,0,0,2,0,0,0,97973,100442,89242,82784,53609,49048,12500,2,5085,5000,3000,1004
20000,2,2,1,42,2,0,0,0,0,0,15552,16560,17278,18289,18653,19195,1575,1293,1304,668,843,853
220000,1,2,1,38,0,0,0,0,0,0,147048,137560,131090,121259,117003,116902,6364,5892,5000,4369,4178,5000
120000,2,1,2,34,0,0,0,0,0,0,67253,31954,16991,18730,21076,24134,1954,1991,3730,9076,4134,497
50000,2,2,1,26,0,0,0,0,0,0,43721,42060,42332,37872,35748,33631,2228,2500,1660,1457,1300,1340
130000,1,1,2,27,1,-2,-2,-2,-2,-2,0,0,0,0,0,0,0,0,0,0,0,0
80000,2,3,1,53,1,-1,-1,-2,-2,-1,0,1710,0,0,0,496,1710,0,0,0,496,2560
280000,1,1,1,34,1,-2,-2,-1,-1,-1,0,0,0,17535,9119,18960,0,0,17535,9119,18960,1200
30000,2,2,2,21,0,0,0,0,0,0,28409,28530,29435,30841,29434,16565,2000,2000,2000,1765,331,0
50000,2,3,1,50,2,0,0,0,2,0,48381,47810,48123,51060,50162,48209,2200,2100,4000,0,2000,2000
290000,1,1,1,53,2,0,0,0,0,0,279610,282024,282508,284660,255892,238266,13000,10200,10265,8803,8300,8546
380000,1,1,1,53,-2,-2,-2,-2,-2,-2,360,360,360,720,360,360,360,360,720,0,360,360
50000,2,3,2,47,0,0,0,0,2,0,17569,18592,19621,21748,21262,21682,1613,1642,2769,0,923,950
360000,1,1,1,34,-1,-1,-1,0,0,-1,33654,52686,64069,49005,8676,19487,52951,64535,8907,53,19584,16080
90000,1,2,1,58,0,0,0,0,0,0,93737,85818,88988,50780,50929,48735,3600,5100,2200,2200,1944,2200
80000,2,2,2,29,0,0,0,0,0,0,12393,14187,13263,11045,10259,5773,2022,1308,506,1516,1000,1000
310000,1,3,1,44,0,0,0,0,0,0,238739,244629,250277,265764,271231,277427,10000,10000,20000,10000,11000,11000
200000,2,1,1,37,0,-1,-1,0,0,0,74418,3251,86800,84144,83699,121930,3251,86804,1820,29000,71439,2738
260000,1,1,2,36,0,0,0,0,0,0,97626,99675,59934,61680,65403,66745,5195,2961,3000,5000,2700,2800
420000,1,2,2,39,0,0,0,0,0,0,204984,209929,190689,173547,176980,180109,8006,7000,6000,6500,6500,10000
350000,1,1,1,49,-2,-2,-2,-2,-2,-2,27506,4213,1518,4625,363,858,4213,1529,4713,363,858,566
110000,1,3,1,27,0,0,0,0,0,-2,108435,109572,45907,5130,2889,78834,3509,1102,1014,2889,82718,3100
20000,1,5,2,55,0,0,0,2,0,0,69257,70055,18997,10404,11170,380,2400,1833,1100,2300,0,400
300000,1,1,2,29,-2,-2,-1,-1,-1,-2,0,0,150,3550,0,0,0,150,3550,0,0,0
60000,1,3,1,42,0,0,0,0,0,0,19489,20496,21702,22360,19760,0,1336,1542,1200,500,0,0
210000,1,1,1,42,-1,-1,-1,-1,-1,-1,2295,6072,8319,5330,1586,4920,6090,8369,5346,1590,4934,3568
220000,2,3,1,45,-1,-1,2,-1,0,0,1196,8087,3606,4656,8960,13264,8087,13,4656,5000,5000,0
210000,2,2,2,27,-1,-1,-1,0,0,2,5353,280,4609,4703,6324,1621,280,4609,94,1621,0,32
20000,2,2,1,28,0,0,0,0,0,0,74510,75262,49919,43303,27929,15530,2734,1200,1077,3000,633,8000
50000,1,2,2,23,1,2,0,0,0,0,19203,17242,18245,18454,18685,19271,0,1299,807,678,897,800
30000,2,2,2,22,0,-1,-1,0,0,-1,3077,390,1946,2503,0,780,390,1946,1000,0,780,1160
200000,1,2,2,30,0,0,0,0,0,0,67825,70193,64997,60907,62452,62191,10000,3000,2154,2500,2400,2300
20000,2,2,1,59,3,2,3,2,2,4,8803,11137,10672,11201,12721,11946,2800,0,1000,2000,0,0
260000,2,1,2,29,-2,-2,-2,-2,-1,-1,1476,1476,1476,1476,20976,1476,1476,1476,1476,20976,1476,1476
30000,2,2,1,47,0,0,0,0,0,0,29187,29254,30206,58287,29522,30103,1505,1457,1016,1207,1600,1000
50000,1,2,2,22,1,2,0,0,0,0,50043,98450,48689,19773,19931,19237,1000,2000,900,900,1000,1000
80000,2,2,2,25,0,0,2,2,0,0,47369,49524,48461,45943,46660,46118,4400,1500,1500,1742,1800,2100
10000,1,2,2,23,0,0,0,0,0,-2,2068,6000,6457,6177,0,0,4400,1000,500,0,0,0
220000,1,2,1,40,-1,-1,-1,-1,-1,-1,2300,1000,11289,4887,3083,9401,1000,11289,4887,3083,10020,6473
20000,1,2,2,28,0,0,0,0,0,0,12234,11762,13007,13590,13476,15009,1192,1827,1500,482,1750,1000
210000,2,1,2,32,-2,-2,-2,-2,-1,0,1400,2800,1400,1400,27100,25644,2800,1400,0,27100,1543,75000
30000,2,1,2,27,0,0,0,0,0,0,23447,24563,25650,26222,26800,27554,1500,1500,1000,1000,1200,4271
230000,1,3,2,39,-1,-1,-1,2,-1,0,948,1156,1728,1156,1172,396,1156,1728,0,1172,0,776
80000,2,2,2,27,0,0,0,0,0,0,20540,8985,8941,8564,6281,6965,1985,2287,2287,281,965,18000
110000,2,2,1,35,-1,-1,-1,0,0,-1,1245,1245,1490,2490,1245,2675,1245,1490,2245,0,2675,0
70000,1,2,2,29,0,0,0,0,-1,-1,58305,61710,64114,66775,161,5746,5000,4000,5000,161,5800,1500
210000,1,2,1,35,0,0,0,0,0,0,128595,131627,136428,54058,55398,56698,4606,6815,1800,2000,2000,2000
500000,1,1,1,50,2,2,2,2,2,2,70144,74850,76463,77611,78735,80430,6500,3400,3000,3000,3100,3110
190000,2,1,2,39,0,0,0,0,0,0,83369,81617,83351,82989,83760,85707,3853,4000,3000,3200,3500,3500
30000,2,1,2,25,0,0,0,0,0,0,29668,28732,29752,28627,29467,29634,1500,1505,1500,2200,2300,3000
50000,1,3,2,49,0,0,0,0,0,0,48245,27656,23168,20245,20251,19970,1286,21578,1310,706,806,656
100000,2,2,1,31,2,2,0,0,0,2,17606,17040,19139,19325,20855,20372,0,2700,800,2000,0,1000
90000,1,3,2,29,0,0,0,0,0,0,83683,65192,46273,46979,48139,44432,4000,3000,1700,2000,1591,2647
20000,1,3,2,24,3,3,2,2,2,2,15846,16283,17325,17542,17756,18023,1000,1600,800,800,700,800
240000,2,2,1,40,-2,-2,-2,-2,-2,-2,0,0,0,0,0,1306,0,0,0,0,1306,0
140000,2,1,2,33,-2,-2,-2,-2,-2,-2,1825,0,1264,0,0,1980,0,1264,0,0,1980,1351
200000,2,1,1,32,-2,-2,-2,-2,-2,-2,14202,0,505,0,0,0,0,505,0,0,0,4950
50000,2,2,1,45,0,0,0,0,0,0,40650,42718,45047,45632,46535,47351,2850,3160,1740,1748,1650,3530
270000,1,1,2,33,-1,-1,-1,-1,-1,-1,9711,9363,13951,8938,15280,18002,9391,13999,8964,15325,18028,211
30000,1,2,2,34,2,0,0,4,3,2,18402,19785,24633,23961,23289,22779,2000,5500,0,0,0,3400
260000,2,2,2,29,0,0,0,0,0,0,150709,151527,155081,156138,145251,139784,6911,7514,6756,5176,5200,5700
300000,1,2,1,31,1,2,0,0,0,0,250121,221336,159556,32897,20992,12621,10236,7063,1005,1045,1004,1005
50000,2,2,2,35,0,0,0,0,0,0,48818,49796,50892,50769,48813,49874,2200,2200,1800,1900,2000,2000
160000,2,5,2,31,-1,-1,-1,0,-1,-1,1790,0,31568,17638,1285,2705,0,31568,353,1285,2705,0
200000,1,1,1,32,0,0,0,0,0,0,30144,32649,32425,32625,9687,5526,3000,1000,1000,400,1000,752
110000,2,1,2,32,0,0,0,-2,-2,-2,60558,30900,0,0,0,0,1900,0,0,0,0,0
20000,2,3,2,33,0,0,0,0,0,0,20023,20239,19164,19393,19725,20054,1300,1400,1300,1000,1000,1000
20000,1,2,1,34,0,0,0,0,0,0,2799,2164,1854,3296,3435,4435,2005,1200,1500,300,1000,95
20000,1,2,1,37,0,0,0,0,0,0,16455,16511,18902,18768,18650,19175,1609,3000,663,676,834,782
30000,2,2,2,22,0,-1,-1,-1,-1,-2,3158,5547,3312,3145,3022,3247,5572,3321,3154,3031,3339,2921
80000,2,3,1,38,-1,-1,-1,0,0,-2,330,0,330,330,0,0,0,660,0,0,0,0
70000,1,1,1,42,0,0,0,0,0,0,71255,71338,71267,69813,71324,71268,2800,2800,2900,2800,2800,2990
500000,1,1,2,34,0,0,0,0,0,0,8007,10556,14332,20393,22633,24318,3000,4000,6500,5000,2000,4000
160000,2,2,1,37,0,0,2,0,0,0,45966,48783,47681,46039,47197,46683,3900,0,1742,1900,1703,3612
220000,2,1,2,34,0,0,0,0,0,0,135132,136108,133534,27484,23728,21039,7245,6121,1551,875,1800,300
120000,2,1,2,29,-1,2,-1,-1,2,0,8318,2730,3647,10730,1835,5843,0,3647,10752,0,5658,6928
60000,2,2,1,33,0,0,0,0,0,0,56379,23161,21106,22345,25720,23467,3000,1386,1625,4000,3000,3000
110000,2,2,2,29,1,2,2,2,2,2,21068,16412,16809,8682,8861,8623,1102,1000,0,602,0,1000
320000,2,1,1,34,-2,-2,-1,0,0,0,5159,967,14331,16591,9433,398,967,14331,9433,0,0,3090
80000,1,2,1,27,0,0,0,0,2,0,58777,60201,61633,69160,26000,25000,3000,3000,9160,0,0,0
100000,2,2,1,38,1,2,0,0,0,0,66459,43930,25762,27848,66537,57506,0,1700,3000,40000,2500,2560
50000,1,1,2,32,0,0,2,3,2,2,15068,18303,20107,19496,18885,20581,3500,2400,0,0,2000,0
20000,1,1,2,33,0,0,0,0,0,0,17593,38478,19703,19697,17303,1554,1472,1400,394,346,31,0
210000,1,1,2,41,0,-1,-1,-2,-2,-2,62261,6615,0,0,0,0,6615,0,0,0,0,0
440000,1,1,2,37,0,0,0,0,0,0,186061,232558,312398,222336,223882,130672,50000,100448,7015,6422,6086,4000
70000,2,2,2,36,0,0,0,0,0,0,67864,59165,29314,28844,29443,30101,2044,1773,1181,1215,1297,1008
30000,1,2,2,33,0,-1,0,0,0,0,29574,26663,27731,56359,28847,13030,28000,2336,2000,2546,1000,0
240000,1,2,1,56,-1,-1,-1,-1,-1,-1,390,390,390,390,390,390,390,780,390,390,390,540
70000,1,3,2,53,0,0,0,0,0,0,14054,15078,15787,16100,16437,16764,1554,1263,576,596,600,622
80000,1,1,2,24,0,0,0,0,0,0,77225,75429,71977,56023,47582,48039,3649,2502,2205,1702,1800,1908
80000,2,3,1,28,0,0,0,0,0,0,72561,62691,61652,54602,50011,49701,2300,2809,2104,1708,1768,1807
50000,2,3,2,51,0,0,0,0,0,0,25577,26352,16846,17562,18275,18711,1269,1284,1000,1000,740,1000
450000,1,2,1,29,0,0,0,0,0,0,179547,157945,118192,82644,17720,7068,8101,12029,35524,38,2015,7522
180000,2,2,2,44,0,0,0,0,-2,-1,25706,30251,30900,0,0,5386,5000,1900,0,0,5386,1103
110000,2,2,1,43,1,2,2,2,2,2,100987,101941,98364,103189,99578,104412,4600,0,8500,0,7700,3900
150000,2,2,2,23,0,0,0,0,0,0,58757,59555,59684,59501,59075,59171,2714,2812,2599,2143,2208,2112
120000,1,2,1,27,2,3,2,0,0,3,110162,107008,103800,106075,115747,113999,0,0,4000,11000,0,0
130000,1,1,2,29,0,0,0,0,0,0,81907,83620,85327,87021,88843,90618,3034,3096,3112,3222,3250,3357
180000,1,2,1,53,0,0,0,0,0,0,173481,176308,179878,182005,175016,178293,7900,8000,7000,6565,6800,6100
30000,2,2,1,29,2,2,2,0,0,0,26844,26414,27189,28235,28669,29355,300,1500,1800,1200,1300,1200
200000,1,1,1,41,-1,-1,-1,-1,-1,-1,1378,-22,5440,-2,796,1390,0,5462,0,798,1394,3600
80000,1,2,1,41,0,0,0,0,0,0,15824,12781,9994,10704,9201,6275,2000,2000,4000,1000,1000,1000
200000,2,5,1,27,0,0,0,0,0,0,185143,188678,191500,187835,139070,140171,7000,7512,7500,5100,5100,5500
390000,2,1,2,25,0,0,0,0,0,0,21382,19133,19327,26992,33483,37465,4000,5000,11417,10000,10000,5000
360000,1,2,1,50,0,0,0,-1,0,0,221855,256171,-229,10527,9564,0,46000,0,10756,5035,0,0
390000,1,1,1,46,-1,-1,-1,-1,-1,-1,6346,94921,53796,6009,9096,3267,94921,53796,6009,9096,3267,2901
50000,2,2,1,39,0,0,0,0,0,0,22187,23755,21772,22541,22871,23989,5000,2049,5000,1500,1500,3000
50000,2,2,2,36,0,0,0,0,0,0,29647,30845,32821,34855,11776,12088,2000,2800,3732,750,500,1000
30000,2,2,2,40,-1,-1,-2,-2,-1,-1,944,-764,-1202,-2230,6770,9579,0,0,0,9000,4653,0
240000,2,2,1,27,0,0,0,0,0,0,240428,235782,129479,125584,128752,130651,7227,4486,3557,4235,3593,349
390000,1,1,2,31,0,0,0,0,0,0,381453,375926,363787,291427,260026,178599,15024,30002,15052,10507,25001,25082
200000,2,1,2,26,0,-1,0,0,0,0,14513,84387,87121,87857,88766,90228,84387,5000,4000,4000,4000,3000
20000,1,2,2,33,0,0,0,0,0,-1,8488,10179,11901,11901,9336,9054,2000,2000,0,0,9054,2000
170000,2,1,2,34,-1,-1,-1,-1,-1,-1,326,326,326,326,476,476,326,326,326,476,476,326
450000,2,2,1,42,0,0,0,0,0,0,7669,13267,18748,24711,33111,50885,7272,8764,9823,11123,20274,5374
60000,2,2,1,32,1,2,0,0,0,0,61291,57946,59534,60615,30592,28656,0,3120,3050,1136,1200,1206
300000,2,1,2,32,0,0,0,0,0,0,169223,179223,199223,202486,200935,-6,10000,20000,11022,4935,6,2844
320000,1,1,1,41,0,0,0,0,0,0,321281,324449,254293,206521,202697,203332,27000,17000,7030,7000,10000,30000
60000,2,5,1,30,-2,-2,-2,-2,-2,-2,3591,-5,-5,0,1360,1180,0,0,5,1360,1180,3302
140000,1,1,2,28,0,0,0,-1,-1,-1,23702,23917,24460,435,435,435,1457,1000,435,435,435,435
120000,2,2,2,33,-1,-1,-1,-1,-1,-1,508,607,611,593,653,587,700,611,593,653,587,916
50000,2,3,2,44,0,0,0,0,0,0,43828,40684,37338,31278,31811,28656,1947,1829,1644,4405,1104,2504
20000,1,2,3,49,0,0,0,0,0,0,16336,17354,18376,18253,18458,19197,1294,2316,1256,1000,1000,800
260000,2,2,1,28,0,0,0,0,0,0,238896,244419,250051,247271,250327,253355,11000,11065,9500,9000,9100,9500
400000,1,1,1,66,0,0,0,0,0,0,279579,258070,77910,61440,44590,12270,10700,47000,1500,0,0,0
220000,2,1,1,44,-1,0,0,0,0,0,208858,212640,216062,209288,202578,195567,7611,7484,7109,6969,6661,6426
50000,2,2,2,31,0,0,0,0,0,0,20451,20426,19894,20294,20145,20175,1600,1600,1000,900,1000,1000
80000,2,3,1,49,-1,-1,-1,-1,-1,-1,3367,4641,2290,1459,6764,7601,4641,2290,1459,6764,7601,7990
110000,2,2,1,34,0,0,0,2,0,0,45302,44980,46987,45165,44636,45094,2100,4100,0,1800,2000,2000
240000,1,1,2,29,0,0,2,2,2,0,64826,72951,62848,60645,57554,57375,10589,34,4400,0,2000,1900
100000,1,1,2,31,1,2,0,0,2,0,104395,101736,106101,54707,54924,52141,1867,1867,5026,2800,2800,2800
20000,1,1,2,43,0,0,2,-1,-1,0,13361,18302,13348,512,18141,11575,6020,141,1048,23261,134,0
360000,2,2,1,47,-1,-1,-1,-1,0,0,410,3620,7656,56397,43882,21818,3620,7656,56397,0,0,12117
80000,1,3,1,34,-1,-1,0,0,-1,0,5173,10809,8673,11590,5973,5878,10826,3683,5034,5981,2895,3789
230000,2,2,1,43,0,0,0,0,0,0,84821,87055,87601,89762,92735,95768,4293,4162,5000,5000,5000,5000
180000,2,1,2,29,-1,-1,-1,-1,-1,-1,326,326,546,546,546,1225,326,546,546,546,1225,2225
180000,2,2,1,38,-1,2,2,-1,0,0,7098,4089,0,8941,5181,5181,0,0,8941,0,0,0
50000,1,2,2,37,0,0,0,0,0,0,50701,50462,50218,20141,20072,19493,2202,2083,697,711,717,674
240000,2,1,1,37,2,0,0,0,-2,-2,118402,119764,72050,0,0,0,5598,4000,0,0,0,0
20000,1,2,2,30,1,-2,-2,-1,-1,-2,-2610,390,0,780,0,0,3000,0,780,0,0,0
340000,1,1,2,32,-1,-1,-1,-1,-1,-1,3048,5550,23337,4291,80153,25820,5713,23453,4314,80552,25949,2016
30000,2,2,2,53,-1,-1,0,0,0,0,356,15666,16863,7380,8580,10000,15700,2000,2000,1200,2200,0
50000,2,3,1,37,0,0,0,0,0,0,49080,49240,48751,30250,29570,26969,2228,2000,1370,949,922,2500
80000,2,3,1,34,0,0,2,2,2,0,43321,47586,48525,49423,46132,47233,5000,2000,2000,0,2000,2000
30000,2,2,1,49,2,0,0,0,2,2,23778,24507,25892,27366,26798,28321,1415,1800,2200,0,2500,0
290000,1,3,2,41,0,0,0,0,0,0,293281,268030,157691,158720,144085,143663,7948,22429,5530,4442,5887,5890
350000,2,2,2,27,0,0,0,0,0,0,16022,17059,17772,18127,18536,19224,1600,1300,650,700,1000,750
80000,1,3,1,43,2,-1,-1,2,-1,-1,1473,1473,3133,1473,1473,390,1473,3133,0,1473,390,390
260000,2,2,1,37,1,-1,-1,-1,0,-1,0,312,920,37686,36523,574,312,920,37686,0,574,348
70000,2,2,2,23,0,0,0,0,0,0,4753,5843,6720,8171,7127,9044,1172,1049,1500,500,2000,3000
260000,2,1,2,36,-1,-1,-1,0,0,0,5160,0,15362,21068,27669,32202,0,15362,10000,7000,5000,5000
10000,1,2,2,29,0,0,0,-1,0,0,9363,9990,-10,6390,6682,7271,1000,0,6400,400,700,500
70000,1,2,2,31,0,0,-1,-1,-2,-2,62737,40745,1880,0,0,0,4030,2500,0,0,0,0
240000,1,2,2,43,-1,-1,-1,-1,-1,-1,291,291,291,291,291,291,291,291,291,291,291,291
50000,1,2,1,40,0,0,0,0,0,0,50536,9853,11353,12143,11753,11922,1200,4000,2000,2000,1000,1000
210000,2,3,1,44,-2,-2,-2,-2,-2,-2,11771,13462,17706,0,5646,14793,13462,17706,0,5646,14793,7376
20000,2,3,1,43,0,0,0,0,0,0,9540,11788,14137,16283,17108,18005,2422,2560,2426,1038,1116,1332
320000,1,1,2,26,-1,-1,-1,-1,-1,-1,316,316,316,316,316,316,316,316,316,316,316,316
150000,1,1,2,29,-1,0,0,0,0,-1,108756,152194,105290,149530,146455,141711,46980,64890,122080,106625,141711,138195
180000,2,2,2,24,0,0,0,0,0,-1,54357,19435,11718,5265,3950,270,1260,1000,105,79,270,0
20000,1,2,2,30,1,2,0,0,0,-2,18231,34558,17363,17569,0,0,0,1200,406,0,0,0
30000,1,2,2,35,3,2,2,0,0,0,13461,14179,13654,13979,15525,0,1228,0,553,1825,0,0
200000,1,3,2,40,-1,-1,-1,-1,-2,-1,6154,6000,5762,0,0,3117,6000,5762,0,0,3117,2000
50000,1,1,1,33,0,0,2,0,0,0,40505,46745,45727,45515,45470,4220,6930,0,1200,155,3000,0
420000,2,1,1,45,2,0,0,0,0,0,412289,414634,409078,412057,402926,373095,16272,17029,15514,15056,13707,14128
80000,2,2,2,25,-1,-1,-1,-1,-1,-1,3002,1921,13454,1807,3560,3337,1921,13454,1807,3560,3337,6240
300000,1,2,1,30,-2,-1,-1,-1,-2,-1,900,195,1442,1740,3871,606,195,1542,1748,3890,608,4059
300000,2,1,2,29,-2,-2,-2,-2,-2,-2,-5478,-8584,-14998,10980,1123,4665,1220,33,30044,12,11493,4983
280000,2,2,1,30,2,0,0,0,0,0,18925,20223,15883,15547,14472,15086,1976,2000,1600,1000,1000,1100
260000,2,2,1,33,-2,-2,-2,-1,-1,0,134736,135593,120909,102524,40157,40805,6067,10000,3000,40157,1466,2000
210000,2,1,1,37,0,0,-2,-2,-1,-1,2960,0,0,0,198,0,0,0,0,198,0,0
20000,2,2,1,42,2,3,2,2,2,2,18162,18464,19465,19649,19978,20512,900,1600,800,950,1000,800
310000,1,1,1,36,-1,-1,-1,-1,-1,-1,8517,6734,6031,14884,5467,12510,6765,6076,14972,5512,12570,9215
340000,1,2,2,30,0,0,0,0,0,0,233770,216978,181217,172862,171353,170048,8100,8000,6102,6628,6517,4500
130000,1,1,2,30,0,0,0,0,0,0,130705,132472,129576,129829,125382,124942,6500,4700,5000,4600,5200,4500
20000,2,3,2,29,-1,2,2,-1,-1,-1,957,738,356,356,4616,728,356,0,356,4616,728,449
200000,1,1,1,42,0,-1,0,0,-1,-1,19318,19067,17858,326,326,326,19067,5000,0,326,326,326
260000,2,1,1,42,0,-1,-1,0,-1,-1,8606,3856,12996,8788,15104,16764,3856,13000,0,15104,16764,9118
60000,2,2,2,24,0,0,0,0,0,0,29832,18628,15069,15761,5879,-2879,1538,1308,1000,118,1329,41378
50000,1,1,1,23,1,-2,-2,-2,-2,-2,0,0,0,0,0,0,0,0,0,0,0,0
100000,2,2,2,28,2,0,0,0,0,0,95197,87478,89245,90247,91979,94450,4050,4114,3379,3338,4000,5373
200000,2,3,2,33,1,2,2,2,2,2,51979,51016,54736,55424,56101,57137,0,5000,2000,2000,1900,2200
20000,1,2,2,54,0,0,0,0,0,0,37720,12266,8999,8810,10167,11710,1200,1200,1600,1500,1700,1000
210000,2,2,1,34,0,0,0,0,0,0,14724,16465,17694,18892,20566,23226,2000,1500,1500,2000,3000,2000
100000,2,2,2,24,0,0,0,0,-1,0,101614,99413,102252,89009,79853,80970,10000,17023,8942,86950,33000,7013
450000,2,1,2,46,-2,-2,-2,-2,-2,-2,2656,1861,-30,3332,873,1110,1861,0,3362,873,1110,4688
50000,1,2,2,56,0,0,0,0,0,0,48025,49128,49348,44932,19559,18859,1884,1997,1943,693,683,680
200000,1,1,2,28,-2,-2,-2,-2,-2,-2,3330,2665,115323,21547,4056,3180,2686,115916,21722,4076,3196,17660
500000,2,1,1,42,1,-2,-2,-2,-2,-2,0,0,0,0,0,0,0,0,0,0,0,0
220000,2,2,2,47,-2,-2,-2,-1,-1,-1,1526,1122,-11,12597,44375,0,1122,0,12608,44375,0,0
500000,1,1,1,52,1,-1,-1,-1,-1,-1,-5,43528,104315,71776,60753,0,43533,104406,71776,60753,0,8200
300000,2,2,2,28,-1,-1,-1,-2,-2,-1,603,4728,0,0,0,279,4747,0,0,0,279,423
220000,2,1,2,27,-1,-1,2,-1,-1,0,375,750,375,375,750,375,750,0,375,750,0,420
450000,1,1,2,28,-1,0,0,0,-1,-1,9845,11991,17111,19585,9756,3282,3000,10000,3000,10000,3300,326
20000,1,3,2,27,3,2,2,5,5,4,1200,1200,1200,1200,1200,600,0,0,0,0,0,0
40000,2,2,2,26,0,0,2,0,0,0,37423,40742,38582,39478,39620,38687,3967,0,1858,1500,5000,1605
170000,2,2,1,43,0,0,0,0,0,0,78429,81991,81688,100841,23528,32579,5000,3000,20000,5000,10000,10000
180000,2,1,1,33,-1,-1,-1,-1,-1,-1,4520,1449,1730,2215,1525,1050,1453,1731,2215,1525,1050,1440
360000,1,1,2,34,2,2,-2,-2,-2,-2,2500,0,0,0,0,0,0,0,0,0,0,0
240000,2,2,1,32,-1,-1,-1,-1,-1,-1,4101,7101,5500,5500,5500,5463,8500,5500,5500,5500,5463,5500
60000,2,2,2,26,1,2,0,0,2,2,58603,58918,55709,54173,54065,57499,2000,2500,3200,1000,4500,0
150000,2,3,2,43,-2,-2,-2,-2,-2,-2,1622,12946,0,0,1761,18304,13016,0,0,1761,18306,4275
100000,2,3,1,53,1,-2,-2,-2,-2,-2,0,0,0,0,0,0,0,0,0,0,0,0
30000,1,2,2,25,2,2,4,3,2,2,18941,24602,23921,23259,22369,23408,6000,0,0,0,1800,0
20000,1,2,1,55,0,0,2,0,0,2,10301,12871,12374,13392,14938,14557,2750,0,1231,1777,0,4859
140000,2,2,2,27,0,0,0,0,2,2,120072,78166,72631,65517,59275,58208,2824,2508,4973,2300,0,3000
130000,2,3,2,49,0,0,0,0,0,0,89003,91362,72197,49654,28065,27500,4100,3095,1630,561,600,0
20000,1,1,2,29,0,0,0,0,0,0,15934,15028,16023,11631,12377,4830,1329,1324,1000,2000,1000,0
10000,2,3,1,49,-1,2,2,-2,-2,-2,1409,864,0,0,0,0,0,0,0,0,0,0
160000,1,3,2,52,0,0,0,0,0,0,155684,157364,156581,72814,66825,63419,6525,6649,2724,2503,2310,2200
10000,2,2,1,24,0,0,0,0,0,0,6902,7922,8939,9533,9692,9829,1142,1159,1140,692,829,1000
50000,1,2,1,38,-1,-1,-1,-1,0,-1,1930,305,6270,6396,6596,3488,305,6270,6396,2200,3488,0
160000,1,3,2,38,0,0,0,0,0,0,47268,47269,45688,47690,48712,49525,2725,2767,2769,1791,1928,1960
30000,2,3,1,39,0,0,0,0,0,0,30238,30166,29745,27468,27436,27613,2000,1635,1438,796,5000,1000
50000,1,3,2,37,-1,0,0,0,0,0,20248,50797,53340,45661,20180,21155,45535,3500,1424,2000,1300,754
150000,1,1,1,44,-1,-1,-1,-1,-1,0,4825,3003,6164,3370,7279,4445,3018,6201,3386,7299,1166,5
200000,2,2,2,39,-1,-1,-2,-2,-2,-1,1017,0,0,0,0,11700,0,0,0,0,11700,121513
310000,2,2,1,40,-2,-2,-2,-2,-2,-2,3268,206,589,1594,28252,15081,206,589,1594,28252,18381,4100
160000,1,1,2,29,-1,-1,-1,0,-1,-1,390,4238,780,390,390,540,4238,780,0,390,540,780
50000,2,3,2,26,0,0,0,0,0,0,46879,48368,49284,7002,6991,7137,2569,2485,1203,192,199,163
180000,2,2,3,48,-1,-1,-1,-1,-2,-1,860,102,851,0,346,1592,102,851,0,346,1592,1098
50000,1,3,2,29,0,0,0,0,0,0,46803,47796,49024,50192,49515,48038,1772,2000,2100,5400,8174,1687
130000,2,3,1,34,0,0,2,0,0,0,124777,133265,129713,129883,122349,101415,12000,0,5100,4820,3844,4500
70000,1,3,1,53,-1,-1,-1,2,0,0,712,712,862,862,862,862,712,862,712,712,712,712
150000,1,1,2,29,0,0,0,0,0,0,146330,147720,148748,104123,132321,37683,4979,3592,2556,2300,1427,1000
20000,1,2,2,40,1,4,3,2,2,2,17361,16803,16253,15695,16832,16420,0,0,0,1400,0,603
50000,2,2,1,38,-2,-2,-2,-2,-2,-2,0,0,0,0,0,0,0,0,0,0,0,0
170000,2,1,2,29,-1,-1,0,-1,-1,-2,1380,9493,8794,2301,0,0,9533,5004,2301,0,0,7800
20000,1,3,2,28,1,2,2,2,0,0,18534,17944,20199,19492,19888,14087,0,2860,0,549,441,502
10000,1,2,2,26,1,4,3,2,0,0,9526,9240,8950,8660,8840,9472,0,0,0,468,929,0
20000,1,2,2,25,0,0,2,2,2,2,15859,18486,18686,18983,18540,19775,3200,800,900,0,1700,0
70000,2,3,1,48,2,2,2,2,2,2,62775,64139,65516,65945,66267,68549,3000,3000,2100,2000,3500,800
400000,2,3,1,42,-1,-1,-1,-1,-1,-1,10132,16932,13088,28540,11860,3978,16932,13088,28540,11860,3978,2390
150000,2,2,1,37,-1,2,2,-2,-1,-1,1184,794,2756,0,2430,4840,0,2772,0,2430,4844,0
240000,2,2,1,53,0,0,0,0,2,0,135322,100522,84626,76205,46771,35207,4531,3728,3612,0,1100,2000
60000,2,3,1,40,1,-1,0,0,-1,0,749,44893,34812,15768,25915,25058,60295,3000,3020,25915,1500,2000
260000,2,2,2,28,0,0,0,0,0,0,181121,167875,171913,169495,167944,166881,7013,10051,10026,7039,8057,10213
20000,2,2,3,30,1,2,2,2,0,0,17836,17246,19381,18772,19145,19545,0,2921,0,685,708,700
50000,2,3,1,36,0,0,0,0,0,0,13572,10805,8623,8799,8468,8768,1188,3000,176,169,300,1200
80000,2,2,1,43,2,0,0,0,0,0,68612,69971,71846,72372,73475,74842,3100,3600,2720,2400,2224,3990
30000,1,6,1,53,-2,-2,-2,-2,-2,-2,1780,0,0,0,0,0,24437,0,0,0,0,0
150000,2,1,2,31,-2,-2,-2,-2,-2,-2,4847,4268,0,1193,-127,-127,4268,0,1193,0,0,1956
130000,1,2,2,29,0,0,0,0,0,0,130708,132080,130128,101794,101826,101763,6658,5146,4000,4000,3866,3435
180000,1,2,1,46,-1,-1,-1,-1,-1,-1,390,390,390,0,390,930,390,390,0,390,930,135
250000,2,1,2,25,0,0,0,0,0,0,18761,10656,7099,11758,17047,16483,4662,2101,7227,7865,8485,5777
200000,2,1,1,32,0,0,-1,-1,-2,-2,12367,13732,1513,0,0,0,2000,1513,0,0,0,0
360000,1,1,2,35,-1,-1,-2,-2,-2,-2,2220,0,0,0,0,0,0,0,0,0,0,0
60000,2,2,2,31,0,0,0,0,0,2,59426,59643,61279,61017,30117,29526,2800,3200,2535,2331,0,1073
50000,2,2,1,45,-1,-1,0,0,0,0,2618,1969,20771,20231,19485,18280,2007,20275,1204,1001,1003,1210
110000,2,2,2,23,0,0,0,0,0,0,106963,101958,85914,73638,72119,73764,5023,3900,2600,5000,3000,3000
30000,1,3,1,44,4,3,2,2,-2,-2,7221,6962,6700,0,0,0,0,0,0,0,0,0
210000,2,2,1,29,0,0,0,-1,-1,0,145499,107712,-564,4270,143607,144505,4751,0,6000,143754,5000,5314
50000,2,2,1,50,0,0,0,-1,-1,-1,48119,48318,21750,4387,4392,9493,1554,1028,4387,4392,9493,492
320000,2,1,1,29,-1,0,0,-2,-2,-2,2799,7932,0,0,0,0,7329,0,0,0,0,0
20000,2,3,2,35,-2,-2,-2,-2,-2,-2,0,1492,0,0,0,0,1492,0,0,0,0,0
20000,2,2,1,24,-1,4,4,3,4,3,19915,19902,19299,20686,20073,19470,600,0,2000,0,0,0
450000,1,1,1,37,1,-1,-1,-2,-2,-2,0,245,0,0,0,0,245,0,0,0,0,0
200000,2,2,2,24,0,0,0,0,0,-2,19326,20330,21362,22000,2000,950,1330,1362,1000,2000,950,0
170000,2,3,2,29,0,0,0,0,0,0,116048,117485,119050,120225,122345,124302,4200,4300,4400,4518,4500,5000
100000,1,2,2,28,0,0,0,0,0,0,32480,33237,34300,35623,35515,36413,1600,1600,1901,1275,1470,1400
240000,2,2,1,30,-1,-1,-1,-1,-1,-1,17047,15188,11366,14231,11135,7774,15188,11366,14231,11135,7774,7785
250000,2,1,1,47,-1,-1,-1,-1,-1,-1,43098,10606,49815,19857,56064,45427,10615,49825,19866,56074,45443,29916
180000,2,2,1,35,-1,-1,-1,-1,-2,-1,1866,590,360,0,0,414,590,360,0,0,414,0
10000,1,2,2,21,0,0,0,0,0,0,7327,8244,9259,9757,9887,9987,1500,1300,1000,206,2094,0
180000,1,1,1,37,1,-2,-2,-2,-1,0,0,0,0,0,2201,2201,0,0,0,2201,0,0
240000,1,1,2,34,1,2,-1,-1,0,0,40286,38008,9497,9124,7128,2745,14,9497,9124,2000,1200,1000
350000,2,1,2,24,2,2,0,0,2,0,86342,84103,86179,91608,86705,90208,0,3500,6800,0,5100,105000
10000,1,2,2,23,3,2,2,0,0,0,4256,5113,4883,5155,5275,0,1081,0,353,375,0,0
360000,2,1,2,29,-1,-1,-1,0,0,0,357,3050,9118,19183,36842,10621,3050,9118,11000,30000,428,3166
20000,1,3,1,39,-1,2,2,2,-1,-1,780,780,390,0,780,0,390,0,0,780,0,0
360000,1,3,2,33,-2,-2,-2,-2,-2,-2,0,0,0,0,0,0,0,0,0,0,0,0
50000,1,3,1,51,0,0,0,0,0,0,42257,44243,64104,33406,34104,34869,3000,2500,1985,1163,1256,1316
360000,2,1,1,32,-1,-1,-1,-1,-1,-1,39587,17900,5307,23102,64617,10542,18011,5307,23102,64617,10542,9702